,Start,Slutt,Starttidspunkt,Sluttidspunkt,Antall minutter (app),Deltakere,S√∏ppelsekker,Handleposer,Kg,Kommune,Fylke,Meter,"Engangsservice (bestikk, kopper, tallerkener)",Suger√∏r og r√∏repinner,Ballonger (inkl. ventil og b√•nd),Kl√¶r og tekstiler,Sko,"Leker, smokker osv.",Matemballasje,Take- away emballasje,Godteri- og snacksemballasje,Husholdnings- og rengj√∏ringsprodukter,Husholdnings- og rengj√∏ringsprodukter - norske,Husholdnings- og rengj√∏ringsprodukter - utenlandske,Husholdnings- og rengj√∏ringsprodukter - vet ikke,Plastflasker (drikke),Plastflasker - norske (drikke),Plastflasker - utenlandske (drikke),Plastflasker - vet ikke (drikke),Metallbokser (drikke),Metallbokse - norske (drikke),Metallbokser - utenlandske (drikke),Metallbokser - vet ikke (drikke),Glassflasker,"Lokk, korker og drikkeboksringer",Handleposer (plast),S√∏ppelsekker (plast),Sm√•poser og fruktposer (plast),Papirposer,Engangsgrill,Sigarettsneiper,Snusposer (porsjon),Snusbokser,Sigarettpakker (inkl. tilbeh√∏r),Lightere,Agnemballasje og bokser,Fiskegarn (inkl. not og tr√•l),Fiskegarn under 50 cm (inkl. not og tr√•l),Fiskegarn over 50 cm(inkl. not og tr√•l),"Fiskekroker (sluk, dupp osv.)","Kanner (olje, bensin og kjemikalier)",Teiner og ruser,"B√∏yer, flott√∏rer og garnringer",Fiskekasser og isoporkasser,Fiskesn√∏re,Tau,Tau under 50 cm,Tau over 50 cm,R√∏r og r√∏rdeler,Armeringsfiber,Behandlet trevirke,Byggematerialer,Isopor,Isopor under 5 cm,Isopor over 5 cm,"Fat og kar (olje, kjemikalier, oppsamlingskar osv.)",Pakkeb√•nd,Strips,Paller,Presenning og plastduker,Malingsspann o.l.,Biomedier og rensefiltre,Isolasjonsmateriale,Sprengkabler (skyteledning),Rundballplast (landbruksplast),"Plastpellets (sm√• r√•plastkuler, nurdles)",Bind og tamponger,Bleier,Spr√∏yter og spr√∏ytespisser,"Emballasje til hygieneartikler (linser, tamponger, kondomer)",Bomullspinner (q-tips),Kondomer,V√•tservietter,Munnbind,Engangshansker,Batterier,Dekk,Hvitevarer,Lysp√¶rer,Br√∏ytestikker,Bildeler,Elektriske artikler,Patronhylser,Forladninger,Uidentifiserte plastbiter,Uidentifiserte plastbiter under 50 cm,Uidentifiserte plastbiter over 50 cm,"Plastkasser (bruskasser, √∏lkasser osv.)",Annet,Fulle s√∏ppelb√∏tter,"Avfallsstasjon, milj√∏stasjon",Kloakkutslipp. utl√∏p,"Turisme, friluftsliv",Biltrafikk,"Havn, marina, kai, sm√•b√•thavn",Landbruk,"Dumpet avfall, villfylling","Fiskeri, havbruk","Bygg, anlegg og industri",Serveringssteder,Annet.1,Kommentar,Long,Lat,Most found element,Others,Personal Use,Fisheries,Industrial,Hygiene
0,2023-01-15,2023-01-15,1000.0,1400.0,0,3,5,0,50,Ask√∏y,Vestland,0,0,0,0,0,0,0,0,0,0,0,0,0,0,0,0,0,0,0,0,0,0,0,0,0,0,0,0,0,0,0,0,0,0,0,1,1,0,0,0,6,0,0,0,0,0,0,0,0,0,0,0,0,0,0,0,0,0,0,0,0,0,0,0,0,0,0,0,0,0,0,0,0,0,0,1,0,0,0,0,0,0,0,0,0,0,0,,False,False,False,False,False,False,False,False,False,False,False,False,,5.06356153338541,60.4625023171128,Teiner og ruser,2,0,8,0,0
1,2023-01-10,2023-01-10,,,0,1,3,0,30,Skien,Vestfold og Telemark,489,0,0,0,0,0,0,0,0,0,0,0,0,0,0,0,0,0,0,0,0,0,0,0,0,0,0,0,0,0,0,0,0,0,0,0,0,0,0,0,0,0,0,0,0,0,0,0,0,0,0,0,0,0,0,0,0,0,0,0,0,0,0,0,0,0,0,0,0,0,0,0,0,0,0,0,0,0,0,0,0,0,0,0,0,0,0,,False,False,False,False,False,False,False,False,False,False,False,False,,9.53278213022566,59.1255114720872,"Engangsservice (bestikk, kopper, tallerkener)",0,0,0,0,0
2,2023-01-15,2023-01-15,,,180,13,10,0,100,Oslo,Oslo,400,0,0,0,0,0,0,0,0,0,0,0,0,0,0,0,0,0,0,0,0,0,0,0,1,0,0,0,0,0,0,0,0,0,0,0,0,0,0,0,0,0,0,0,0,0,0,0,0,0,0,0,0,0,0,0,0,0,0,0,0,0,0,0,0,0,0,0,0,0,0,0,0,0,0,0,0,0,0,0,0,0,0,0,0,0,0,,False,False,False,False,False,False,False,False,False,False,False,False,Metal fences used for cordoning off an area for an event most probably held by the Oslo Opera House,10.7504652106506,59.9082212458731,Handleposer (plast),0,1,0,0,0
3,2023-01-25,2023-01-25,,,60,3,6,0,60,Solund,Vestland,100,0,0,0,0,0,0,0,0,0,0,0,0,0,0,0,0,0,0,0,0,0,0,0,0,0,0,0,0,0,0,0,0,0,0,0,0,0,0,0,0,0,0,0,0,0,0,0,0,0,0,0,0,0,0,0,0,0,0,0,0,0,0,0,0,0,0,0,0,0,0,0,0,0,0,0,0,0,0,0,0,0,0,0,0,0,0,,False,False,False,False,False,False,False,False,False,False,False,False,,4.79499033897924,61.1145097218313,"Engangsservice (bestikk, kopper, tallerkener)",0,0,0,0,0
4,2023-02-19,2023-02-19,,,60,1,0,1,1,Asker,Viken,600,0,2,0,0,0,0,0,0,0,0,0,0,0,0,0,0,0,0,0,0,0,0,2,0,0,0,0,0,25,7,1,0,0,0,0,0,0,0,0,0,0,0,0,0,0,0,0,0,21,0,20,0,0,0,0,0,0,0,0,0,0,5,0,0,0,0,0,0,0,0,0,0,0,0,0,0,0,0,0,0,0,12,22,0,0,0,Ca 20 impregnerte plankebiter av ulik st√∏rrelse. Ca 10 kg tilsammen. ,False,False,False,False,False,False,False,False,False,False,False,False,Er i tillegg til planker fra byggvirksomhet ogs√• en del flis og sm√•kapp som har kommet inn p√• stranden ,10.41414,59.61134,Sigarettsneiper,68,37,0,46,0
5,2023-02-10,2023-02-10,1645.0,1700.0,0,2,2,0,20,√òygarden,Vestland,0,0,0,0,0,0,0,0,0,0,0,0,0,0,0,0,0,0,0,0,0,0,0,0,0,0,0,0,0,0,0,0,0,0,0,0,0,0,0,0,0,0,0,0,0,0,0,0,0,0,0,0,0,0,1,0,0,0,0,0,0,0,0,0,0,0,0,0,0,0,0,0,0,0,0,0,0,0,0,0,0,0,0,0,0,0,0,,False,False,False,False,False,False,False,False,False,False,False,False,,5.21529105838497,60.2315732821158,"Fat og kar (olje, kjemikalier, oppsamlingskar osv.)",0,0,0,1,0
6,2023-01-09,2023-01-09,,,15,3,8,0,80,√òygarden,Vestland,50,0,0,0,0,0,0,0,0,0,0,0,0,0,0,0,0,0,0,0,0,0,0,0,0,0,0,0,0,0,0,0,0,0,0,0,0,0,0,0,0,0,0,0,0,0,0,0,0,0,0,0,0,0,0,0,0,0,0,0,0,0,0,0,0,0,0,0,0,0,0,0,0,0,0,0,0,0,0,0,0,0,0,0,0,0,0,,False,False,False,False,False,False,False,False,False,False,False,False,,5.01628867220694,60.306715364761,"Engangsservice (bestikk, kopper, tallerkener)",0,0,0,0,0
7,2023-02-12,2023-02-12,,,90,9,7,5,75,Oslo,Oslo,200,10,0,2,0,0,0,0,2,4,0,0,0,0,5,0,0,0,3,0,0,0,2,0,6,0,1,0,0,30,20,3,5,1,0,0,0,0,0,0,0,0,0,0,0,0,0,0,0,0,0,0,0,0,0,0,0,0,0,0,0,0,0,0,0,0,0,0,0,0,0,0,0,0,0,0,0,0,0,0,0,0,0,0,0,0,0,,False,False,False,False,False,False,False,False,False,False,False,False,,10.7572887502687,59.9019120789294,Sigarettsneiper,0,94,0,0,0
8,2023-02-14,2023-02-14,,,45,2,1,1,11,Kinn,Vestland,200,0,0,0,0,0,0,0,0,0,0,0,0,0,0,0,0,0,0,0,0,0,0,0,0,0,0,0,0,0,0,0,0,0,5,0,0,0,0,2,0,0,1,0,5,0,0,0,0,0,0,0,0,0,0,0,0,0,0,0,0,0,0,0,0,0,0,0,0,0,0,0,0,0,0,0,0,0,0,0,0,2,0,3,0,0,1,,False,False,False,False,False,False,False,False,False,False,False,False,,5.07130614258687,61.5583873819069,Agnemballasje og bokser,12,0,13,0,0
9,2023-01-15,2023-01-15,1130.0,1430.0,0,2,1,3,13,Bod√∏,Nordland,133,0,0,0,0,0,0,0,0,0,0,0,0,0,0,0,0,0,0,0,0,0,0,0,0,0,0,0,0,0,0,0,0,0,0,0,0,0,433,0,0,0,0,0,0,0,0,0,0,0,0,0,0,0,0,0,0,0,0,0,0,0,0,0,0,0,0,0,0,0,0,0,0,0,0,0,0,0,0,0,0,0,0,0,0,0,0,,False,False,False,False,False,False,False,False,False,False,False,False,,14.6229563189793,67.2283144433741,"Fiskekroker (sluk, dupp osv.)",0,0,433,0,0
10,2023-01-29,2023-01-29,,,120,3,13,0,130,Giske,M√∏re og Romsdal,600,1,4,3,5,8,0,0,3,9,27,0,0,0,73,0,0,0,16,0,0,0,4,13,3,3,8,0,0,0,0,0,0,0,18,53,0,0,0,8,3,5,8,0,120,0,0,4,0,12,4,47,0,0,5,3,82,1,3,2,0,0,0,0,0,0,0,3,0,0,0,5,0,9,0,0,0,0,5,0,0,0,0,72,0,0,0,,False,False,False,False,False,False,False,False,False,False,False,False,,6.09977234980608,62.5753882131142,Tau,154,180,215,163,17
11,2023-01-22,2023-01-22,,,60,8,1,0,10,Oslo,Oslo,100,0,0,0,0,0,0,0,0,0,0,0,0,0,0,0,0,0,0,0,0,0,0,0,0,0,0,0,0,0,0,0,0,0,0,0,0,0,0,0,0,0,0,0,0,0,0,0,0,0,0,0,0,0,0,0,0,0,0,0,0,0,0,0,0,0,0,0,0,0,0,0,0,0,0,0,0,0,0,0,0,0,0,0,0,0,0,,False,False,False,False,False,False,False,False,False,False,False,False,,10.757438953971,59.9024568315198,"Engangsservice (bestikk, kopper, tallerkener)",0,0,0,0,0
12,2023-02-05,2023-02-05,,,90,13,15,0,150,Oslo,Oslo,300,0,0,0,0,0,0,0,0,0,0,0,0,0,0,0,0,0,0,0,0,0,0,0,0,0,0,0,0,0,0,0,0,0,0,0,0,0,0,0,0,0,0,0,0,0,0,0,0,0,0,0,0,0,0,0,0,0,0,0,0,0,0,0,0,0,0,0,0,0,0,0,0,0,0,0,0,0,0,0,0,0,0,0,0,0,0,,False,False,False,False,False,False,False,False,False,False,False,False,,10.7536963381896,59.9042790418006,"Engangsservice (bestikk, kopper, tallerkener)",0,0,0,0,0
13,2023-01-29,2023-01-29,,,90,15,2,0,20,Oslo,Oslo,200,0,0,0,0,0,0,0,0,0,0,0,0,0,0,0,0,0,0,0,0,0,0,0,0,0,0,0,0,0,0,0,0,0,0,0,0,0,0,0,0,0,0,0,0,0,0,0,0,0,0,0,0,0,0,0,0,0,0,0,0,0,0,0,0,0,0,0,0,0,0,0,0,0,0,0,0,0,0,0,0,0,0,0,0,0,0,,False,False,False,False,False,False,False,False,False,False,False,False,,10.7223358459835,59.9092110217534,"Engangsservice (bestikk, kopper, tallerkener)",0,0,0,0,0
14,2023-02-03,2023-02-17,,,0,1,7,0,70,√òygarden,Vestland,0,0,0,0,0,0,0,0,0,0,0,0,0,0,4,2,2,0,0,0,0,0,0,0,2,1,2,0,0,0,0,1,0,1,0,4,2,2,0,0,1,0,0,0,13,7,6,0,0,0,0,5,3,2,0,2,1,0,0,0,0,0,0,0,0,0,0,3,0,0,0,0,0,1,0,0,0,0,0,0,0,4,0,19,13,6,0,,False,False,False,False,False,False,False,False,False,False,False,False,,4.96945502373593,60.326449238397,Uidentifiserte plastbiter,84,15,35,13,4
15,2023-01-04,2023-01-04,,,0,1,41,0,410,Karm√∏y,Rogaland,110,0,0,0,0,0,0,0,0,0,0,0,0,0,0,0,0,0,0,0,0,0,0,0,0,0,0,0,0,0,0,0,0,0,0,1,0,1,0,0,0,0,0,0,0,0,0,0,0,0,0,0,0,0,0,0,0,0,0,0,0,0,0,0,0,0,0,0,0,0,0,0,0,0,0,22,0,0,0,0,0,0,0,0,0,0,0,,False,False,False,False,False,True,False,False,False,False,False,False,"Store dekk/fendere som er l√∏snet fra kommunekaien samt, mindre dekk/fendere fra private  langs havna.",5.18898223255084,59.2808037569356,Dekk,44,0,2,0,0
16,2023-01-10,2023-01-10,,,0,10,34,0,340,Karm√∏y,Rogaland,14339,0,0,0,0,0,0,0,0,0,0,0,0,0,0,0,0,0,0,0,0,0,0,0,0,0,0,0,0,0,0,0,0,0,0,0,0,0,0,0,0,0,0,0,0,0,0,0,0,0,0,0,0,0,0,0,0,0,0,0,0,0,0,0,0,0,0,0,0,0,0,0,0,0,0,0,0,0,0,0,0,0,0,0,0,0,0,,False,False,False,False,False,False,False,False,False,False,False,False,,5.17231972522541,59.1934362153586,"Engangsservice (bestikk, kopper, tallerkener)",0,0,0,0,0
17,2023-01-22,2023-01-22,,,0,13,15,0,150,Oslo,Oslo,0,0,0,0,0,0,0,0,0,0,0,0,0,0,0,0,0,0,0,0,0,0,0,0,0,0,0,0,0,0,0,0,0,0,0,0,0,0,0,0,0,0,0,0,0,0,0,0,0,0,0,0,0,0,0,0,0,0,0,0,0,0,0,0,0,0,0,0,0,0,0,0,0,0,0,0,0,0,0,0,0,0,0,0,0,0,0,,False,False,False,False,False,False,False,False,False,False,False,False,,10.7599121098663,59.8741591182729,"Engangsservice (bestikk, kopper, tallerkener)",0,0,0,0,0
18,2023-01-04,2023-01-04,,,0,1,4,0,40,Kristiansand,Agder,51,0,0,0,0,0,0,0,0,0,0,0,0,0,0,0,0,0,0,0,0,0,0,0,0,0,0,0,0,0,0,0,0,0,0,0,0,0,0,0,0,0,0,0,0,0,0,0,0,0,0,0,0,0,0,0,0,0,0,0,0,0,0,0,0,0,0,0,0,0,0,0,0,0,0,0,0,0,0,0,0,0,0,0,0,0,0,,False,False,False,False,False,False,False,False,False,False,False,False,,7.78716359107688,58.0787297666653,"Engangsservice (bestikk, kopper, tallerkener)",0,0,0,0,0
19,2023-01-03,2023-01-03,,,0,1,32,0,320,Karm√∏y,Rogaland,129,0,0,0,0,0,0,0,0,0,0,0,0,0,0,0,0,0,0,0,0,0,0,0,0,0,0,0,0,0,0,0,0,0,0,0,0,0,0,0,0,0,0,0,0,0,0,0,0,0,0,0,0,0,0,0,0,0,0,0,0,0,0,0,0,0,0,0,0,0,0,0,0,0,0,0,0,0,0,0,0,0,0,0,0,0,0,,False,False,False,False,False,False,False,False,False,False,False,False,,5.25656018380202,59.145257602364,"Engangsservice (bestikk, kopper, tallerkener)",0,0,0,0,0
20,2023-01-11,2023-01-11,,,0,20,6,0,60,Sola,Rogaland,866,0,0,0,0,0,0,0,0,0,0,0,0,0,0,0,0,0,0,0,0,0,0,0,0,0,0,0,0,0,0,0,0,0,0,0,0,0,0,0,0,0,0,0,0,0,0,0,0,0,0,0,0,0,0,0,0,0,0,0,0,0,0,0,0,0,0,0,0,0,0,0,0,0,0,0,0,0,0,0,0,0,0,0,0,0,0,,False,False,False,False,False,False,False,False,False,False,False,False,,5.58714158456007,58.9116402616878,"Engangsservice (bestikk, kopper, tallerkener)",0,0,0,0,0
21,2023-01-13,2023-01-13,1300.0,1700.0,0,2,6,0,60,Lyngdal,Agder,46,0,0,0,0,0,0,0,0,0,0,0,0,0,0,0,0,0,0,0,0,0,0,0,0,0,0,0,0,0,0,0,0,0,0,0,0,0,0,0,0,0,0,0,0,0,0,0,0,0,0,0,0,0,0,0,0,0,0,0,0,0,0,0,0,0,0,0,0,0,0,0,0,0,0,0,0,0,0,0,0,0,0,0,0,0,0,,False,False,False,False,False,False,False,False,False,False,False,False,,6.99979304461583,58.0040995943281,"Engangsservice (bestikk, kopper, tallerkener)",0,0,0,0,0
22,2023-01-21,2023-01-21,,,0,15,356,0,3560,Rana,Nordland,14,0,0,0,0,0,0,0,0,0,0,0,0,0,0,0,0,0,0,0,0,0,0,0,0,0,0,0,0,0,0,0,0,0,0,0,0,0,0,0,0,0,0,0,0,0,0,0,0,0,0,0,0,0,0,0,0,0,0,0,0,0,0,0,0,0,0,0,0,0,0,0,0,0,0,0,0,0,0,0,0,0,0,0,0,0,0,,False,False,False,False,False,False,False,False,False,False,False,False,,13.4422869380068,66.3340680287597,"Engangsservice (bestikk, kopper, tallerkener)",0,0,0,0,0
23,2023-02-15,2023-02-15,,,0,50,20,0,200,H√•,Rogaland,1282,0,0,0,0,0,0,0,0,0,0,0,0,0,0,0,0,0,0,0,0,0,0,0,0,0,0,0,0,0,0,0,0,0,0,0,0,0,0,0,0,0,0,0,0,0,0,0,0,0,0,0,0,0,0,0,0,0,0,0,0,0,0,0,0,0,0,0,0,0,0,0,0,0,0,0,0,0,0,0,0,0,0,0,0,0,0,,False,False,False,False,False,False,False,False,False,False,False,False,,5.68084621072824,58.5444763167877,"Engangsservice (bestikk, kopper, tallerkener)",0,0,0,0,0
24,2023-01-08,2023-01-08,,,0,1,8,0,80,Oslo,Oslo,306,0,0,0,0,0,0,0,0,0,0,0,0,0,0,0,0,0,0,0,0,0,0,0,0,0,0,0,0,0,0,0,0,0,0,0,0,0,0,0,0,0,0,0,0,0,0,0,0,0,0,0,0,0,0,0,0,0,0,0,0,0,0,0,0,0,0,0,0,0,0,0,0,0,0,0,0,0,0,0,0,0,0,0,0,0,0,,False,False,False,False,False,False,False,False,False,False,False,False,,10.7653571411644,59.8775368917682,"Engangsservice (bestikk, kopper, tallerkener)",0,0,0,0,0
25,2023-02-17,2023-02-17,,,0,1,1,0,20,√Ölesund,M√∏re og Romsdal,0,0,0,0,0,0,0,0,0,0,0,0,0,0,0,0,0,0,0,0,0,0,0,0,0,0,0,0,0,0,0,0,0,0,0,0,0,0,0,0,0,0,0,0,0,0,0,0,0,0,0,1,0,1,0,0,0,0,0,0,0,0,0,0,0,0,0,0,0,0,0,0,0,0,0,0,0,0,0,0,0,0,0,0,0,0,0,,False,False,False,False,False,False,False,False,False,False,False,False,,6.22797003819882,62.4648155469097,Isopor,0,0,0,2,0
26,2023-02-01,2023-02-01,,,0,20,16,0,160,Karm√∏y,Rogaland,4099,0,0,0,0,0,0,0,0,0,0,0,0,0,0,0,0,0,0,0,0,0,0,0,0,0,0,0,0,0,0,0,0,0,0,0,0,0,0,0,0,0,0,0,2,0,2,1,0,0,0,0,0,0,0,0,0,0,0,0,0,0,0,0,0,0,0,0,0,0,0,0,0,0,0,0,0,0,0,0,0,0,0,0,0,0,0,,False,False,False,False,False,False,False,False,False,False,False,False,,5.18992843057863,59.2515560704644,Tau,0,0,4,1,0
27,2023-01-18,2023-01-18,,,0,9,20,0,200,Kristiansand,Agder,49,0,0,0,0,0,0,0,0,0,0,0,0,0,0,0,0,0,0,0,0,0,0,0,0,0,0,0,0,0,0,0,0,0,0,0,0,0,0,0,0,0,0,0,0,0,0,0,0,0,0,0,0,0,0,0,0,0,0,0,0,0,0,0,0,0,0,0,0,0,0,0,0,0,0,0,0,0,0,0,0,0,0,0,0,0,0,,False,False,False,False,False,False,False,False,False,False,False,False,,8.04402884065358,58.1621576670085,"Engangsservice (bestikk, kopper, tallerkener)",0,0,0,0,0
28,2023-01-01,2023-02-06,,,0,10,2,0,20,Klepp,Rogaland,2535,0,0,0,0,0,0,0,0,0,0,0,0,0,0,0,0,0,0,0,0,0,0,0,0,0,0,0,0,0,0,0,0,0,0,0,0,0,0,0,0,0,0,0,0,0,0,0,0,0,0,0,0,0,0,0,0,0,0,0,0,0,0,0,0,0,0,0,0,0,0,0,0,0,0,0,0,0,0,0,0,0,0,0,0,0,0,,False,False,False,False,False,False,False,False,False,False,False,False,,5.49921155426244,58.7625160879666,"Engangsservice (bestikk, kopper, tallerkener)",0,0,0,0,0
29,2023-01-06,2023-01-06,,,0,7,6,0,60,Kristiansand,Agder,42,0,0,0,0,0,0,0,0,0,0,0,0,0,0,0,0,0,0,0,0,0,0,0,0,0,0,0,0,0,0,0,0,0,0,0,0,0,0,0,0,0,0,0,0,0,0,0,0,0,0,0,0,0,0,0,0,0,0,0,0,0,0,0,0,0,0,0,0,0,0,0,0,0,0,0,0,0,0,0,0,0,0,0,0,0,0,,False,False,False,False,False,False,False,False,False,False,False,False,,8.04443783876007,58.1601502670059,"Engangsservice (bestikk, kopper, tallerkener)",0,0,0,0,0
30,2023-03-05,2023-03-05,,,30,1,0,3,3,Asker,Viken,150,0,0,0,0,0,0,1,0,1,0,0,0,0,1,0,0,0,0,0,0,0,0,4,0,1,0,0,0,0,0,0,0,0,0,0,0,0,0,1,0,0,0,0,3,0,0,0,0,0,0,0,0,0,0,2,0,0,0,0,0,0,12,0,0,0,0,0,0,0,0,0,0,0,0,0,0,0,0,1,0,0,1,4,0,0,0,"Store mengder pakkeb√•nd (ca 1,5 cm brede) over en strand-strekning p√• ca 150 m. Disse var fryst fast i sanden og kunne forel√∏pig ikke tas med. Det var ogs√• store mengder knuste avl√∏psr√∏r, en haug med tauverk av oppfliset jern (som jeg skadet meg p√•) og sm√•deler av jernavfall. Stedet m√• ha blitt brukt som avfallsplass for industri. Trist üò¢",False,False,False,False,False,False,False,False,False,False,False,False,Omr√•det b√¶rer sterkt preg av at industri har dumpet avfall. Aktuell strand kunne med fordel blitt ryddet av det offentlige jf at det er fullt av gamle √∏delagte avl√∏sr√∏r der. ,10.4366014605396,59.6096835991216,Sprengkabler (skyteledning),12,8,4,14,0
31,2023-01-01,2023-02-06,,,0,20,5,0,50,Klepp,Rogaland,1325,0,0,0,0,0,0,0,0,0,0,0,0,0,0,0,0,0,0,0,0,0,0,0,0,0,0,0,0,0,0,0,0,0,0,0,0,0,0,0,0,0,0,0,0,0,0,0,0,0,0,0,0,0,0,0,0,0,0,0,0,0,0,0,0,0,0,0,0,0,0,0,0,0,0,0,0,0,0,0,0,0,0,0,0,0,0,,False,False,False,False,False,False,False,False,False,False,False,False,,5.53892500246387,58.7850438172613,"Engangsservice (bestikk, kopper, tallerkener)",0,0,0,0,0
32,2023-02-08,2023-02-08,,,0,8,16,0,160,Kristiansand,Agder,21,0,0,0,0,0,0,0,0,0,0,0,0,0,0,0,0,0,0,0,0,0,0,0,0,0,0,0,0,0,0,0,0,0,0,0,0,0,0,0,0,0,0,0,0,0,0,0,0,0,0,0,0,0,0,0,0,0,0,0,0,0,0,0,0,0,0,0,0,0,0,0,0,0,0,0,0,0,0,0,0,0,0,0,0,0,0,,False,False,False,False,False,False,False,False,False,False,False,False,,7.9790876643594,58.0645955624909,"Engangsservice (bestikk, kopper, tallerkener)",0,0,0,0,0
33,2023-02-03,2023-02-03,,,0,2,50,0,500,Karm√∏y,Rogaland,0,0,0,0,0,0,0,0,0,0,0,0,0,0,0,0,0,0,0,0,0,0,0,0,0,0,0,0,0,0,0,0,0,0,0,0,0,0,0,0,0,0,0,0,0,0,0,0,0,0,0,0,0,0,0,0,0,0,0,0,0,0,0,0,0,0,0,0,0,0,0,0,0,0,0,0,0,0,0,0,0,0,0,0,0,0,0,,False,False,False,False,False,False,False,False,False,False,False,False,,5.24521882682532,59.2775732965977,"Engangsservice (bestikk, kopper, tallerkener)",0,0,0,0,0
34,2023-01-14,2023-01-14,1130.0,1330.0,0,4,2,5,25,Bod√∏,Nordland,238,0,0,0,0,0,0,0,0,0,0,0,0,0,0,0,0,0,0,0,0,0,0,0,0,0,0,0,0,0,0,0,0,0,0,0,0,0,833,0,0,0,0,0,0,0,0,0,0,0,0,0,0,0,0,0,0,0,0,0,0,0,0,0,0,0,0,0,0,0,0,0,0,0,0,0,0,0,0,0,0,0,0,0,0,0,0,,False,False,False,False,False,False,False,False,False,False,False,False,,14.6161649657536,67.2253418330093,"Fiskekroker (sluk, dupp osv.)",0,0,833,0,0
35,2023-03-05,2023-03-05,,,180,1,3,1,31,Lillesand,Agder,300,0,2,1,0,1,0,4,0,10,0,0,0,0,8,0,0,0,3,0,0,0,0,6,0,0,2,0,0,5,0,2,0,2,2,2,0,0,0,0,0,0,1,14,8,0,0,0,0,0,0,0,0,0,0,0,0,0,0,0,0,0,0,0,0,0,0,1,0,6,0,3,0,0,0,0,0,1,0,0,0,3,0,60,0,0,1,,False,False,False,False,False,False,False,False,False,False,False,False,,8.3904860980157,58.2302958187164,Uidentifiserte plastbiter,130,46,27,0,10
36,2023-01-25,2023-01-25,,,0,8,4,0,40,Kristiansand,Agder,41,0,0,0,0,0,0,0,0,0,0,0,0,0,0,0,0,0,0,0,0,0,0,0,0,0,0,0,0,0,0,0,0,0,0,0,0,0,0,0,0,0,0,0,0,0,0,0,0,0,0,0,0,0,0,0,0,0,0,0,0,0,0,0,0,0,0,0,0,0,0,0,0,0,0,0,0,0,0,0,0,0,0,0,0,0,0,,False,False,False,False,False,False,False,False,False,False,False,False,,7.96045647557555,58.1201613420498,"Engangsservice (bestikk, kopper, tallerkener)",0,0,0,0,0
37,2023-01-27,2023-01-27,,,0,2,16,0,160,Karm√∏y,Rogaland,2410,0,0,0,0,0,0,0,0,0,0,0,0,0,0,0,0,0,0,0,0,0,0,0,0,0,0,0,0,0,0,0,0,0,0,0,0,0,0,0,0,0,0,0,0,0,0,0,0,0,0,0,0,0,0,0,0,0,0,0,0,0,0,0,0,0,0,0,0,0,0,0,0,0,0,0,0,0,0,0,0,0,0,0,0,0,0,,False,False,False,False,False,False,False,False,False,False,False,False,,5.29034041421409,59.3459899638778,"Engangsservice (bestikk, kopper, tallerkener)",0,0,0,0,0
38,2023-01-27,2023-01-27,,,0,3,10,0,100,Kristiansand,Agder,4,0,0,0,0,0,0,0,0,0,0,0,0,0,0,0,0,0,0,0,0,0,0,0,0,0,0,0,0,0,0,0,0,0,0,0,0,0,0,0,0,0,0,0,0,0,0,0,0,0,0,0,0,0,0,0,0,0,0,0,0,0,0,0,0,0,0,0,0,0,0,0,0,0,0,0,0,0,0,0,0,0,0,0,0,0,0,,False,False,False,False,False,False,False,False,False,False,False,False,,8.0720322126007,58.1625051857113,"Engangsservice (bestikk, kopper, tallerkener)",0,0,0,0,0
39,2023-02-07,2023-02-07,,,30,1,2,0,20,Tjeldsund,Troms og Finnmark,100,0,0,0,0,0,0,1,0,0,0,0,0,0,0,0,0,0,0,0,0,0,0,0,0,0,0,0,0,0,0,0,0,0,0,0,0,0,0,0,0,0,1,0,0,0,0,0,0,0,0,4,0,4,0,1,0,0,0,0,0,0,0,0,0,0,0,0,0,0,0,0,0,0,0,0,0,0,0,0,0,0,0,0,0,0,0,,False,False,False,False,False,False,False,False,False,False,False,False,Egersund Net avd. Sandstrand ,16.7814461,68.678557,Isopor,0,1,1,9,0
40,2023-01-24,2023-01-24,,,0,3,5,5,55,Solund,Vestland,115,0,0,0,0,0,0,0,0,0,0,0,0,0,0,0,0,0,0,0,0,0,0,0,0,0,0,0,0,0,0,0,0,0,0,0,0,0,0,0,0,0,0,0,0,0,0,0,0,0,0,0,0,0,0,0,0,0,0,0,0,0,0,0,0,0,0,0,0,0,0,0,0,0,0,0,0,0,0,0,0,0,0,0,0,0,0,,False,False,False,False,False,False,False,False,False,False,False,False,,4.80058196022302,61.0742856850923,"Engangsservice (bestikk, kopper, tallerkener)",0,0,0,0,0
41,2023-02-13,2023-02-13,1000.0,1500.0,0,1,5,0,50,Lyngdal,Agder,3,0,0,0,0,0,0,0,0,0,0,0,0,0,0,0,0,0,0,0,0,0,0,0,0,0,0,0,0,0,0,0,0,0,2,14,10,4,0,2,0,1,2,2,140,110,30,0,0,0,0,0,0,0,0,0,0,0,0,0,0,0,0,0,0,0,0,0,0,0,0,0,0,0,0,0,0,3,0,0,6,17,0,450,300,150,2,Mye veldig mye gammel solbrent plast som blandes med jord litt over h√∏yvann grense.,False,False,False,False,False,False,False,False,False,False,False,False,,7.00945714342071,58.0142645268847,Uidentifiserte plastbiter,1856,0,317,0,0
42,2023-01-29,2023-01-29,1300.0,1500.0,0,2,2,1,21,Bod√∏,Nordland,192,0,0,0,0,0,0,0,0,0,0,0,0,0,0,0,0,0,0,0,0,0,0,0,0,0,0,0,0,0,0,0,0,0,0,0,0,0,700,0,0,0,0,0,0,0,0,0,0,0,0,0,0,0,0,0,0,0,0,0,0,0,0,0,0,0,0,0,0,0,0,0,0,0,0,0,0,0,0,0,0,0,0,0,0,0,0,,False,False,False,False,False,False,False,False,False,False,False,False,,14.6161965380588,67.2253617217181,"Fiskekroker (sluk, dupp osv.)",0,0,700,0,0
43,2023-01-18,2023-01-18,1000.0,1500.0,0,2,5,0,50,Lyngdal,Agder,15,0,0,0,0,0,0,0,0,0,0,0,0,0,0,0,0,0,0,0,0,0,0,0,0,0,0,0,0,0,0,0,0,0,0,0,0,0,0,0,0,0,0,0,0,0,0,0,0,0,0,0,0,0,0,0,0,0,0,0,0,0,0,0,0,0,0,0,0,0,0,0,0,0,0,0,0,0,0,0,0,0,0,0,0,0,0,"Masse store og sm√• plast biter og sm√• plast tau biter og flere plast potter til planter. 
Og masse biter av isopor. Og flere kanner",False,False,False,False,False,False,False,False,False,False,False,False,,7.0225515230951,58.0207067924826,"Engangsservice (bestikk, kopper, tallerkener)",0,0,0,0,0
44,2023-01-23,2023-01-23,1200.0,1500.0,0,2,5,0,50,Lyngdal,Agder,54,0,0,0,0,0,0,0,0,0,0,0,0,0,0,0,0,0,0,0,0,0,0,0,0,0,0,0,0,0,0,0,0,0,0,0,0,0,0,0,0,0,0,0,0,0,0,0,0,0,0,0,0,0,0,0,0,0,0,0,0,0,0,0,0,0,0,0,0,0,0,0,0,0,0,0,0,0,0,0,0,0,0,0,0,0,0,,False,False,False,False,False,False,False,False,False,False,False,False,,6.99277624471716,58.0136677014132,"Engangsservice (bestikk, kopper, tallerkener)",0,0,0,0,0
45,2023-01-26,2023-01-26,1200.0,1600.0,0,1,3,0,30,Lyngdal,Agder,96,0,0,0,0,0,0,0,0,0,0,0,0,0,0,0,0,0,0,0,0,0,0,0,0,0,0,0,0,0,0,0,0,0,0,0,0,0,0,0,0,0,0,0,0,0,0,0,0,0,0,0,0,0,0,0,0,0,0,0,0,0,0,0,0,0,0,0,0,0,0,0,0,0,0,0,0,0,0,0,0,0,0,0,0,0,0,,False,False,False,False,False,False,False,False,False,False,False,False,,7.04885869636978,58.1223694224267,"Engangsservice (bestikk, kopper, tallerkener)",0,0,0,0,0
46,2023-02-08,2023-02-08,,,0,12,14,0,140,Karm√∏y,Rogaland,3972,0,0,0,0,0,0,0,0,0,0,0,0,0,0,0,0,0,0,0,0,0,0,0,0,0,0,0,0,0,0,0,0,0,0,0,0,0,0,0,0,0,0,0,0,0,0,0,0,0,0,0,0,0,0,0,0,0,0,0,0,0,0,0,0,0,0,0,0,0,0,0,0,0,0,1,0,0,0,0,0,0,0,0,0,0,0,,False,False,False,False,False,False,False,False,False,False,False,False,,5.18952665339846,59.243113232674,Dekk,2,0,0,0,0
47,2023-01-30,2023-01-30,1000.0,1700.0,0,2,10,0,100,Lyngdal,Agder,20,0,0,0,0,0,0,0,0,0,0,0,0,0,0,0,0,0,0,0,0,0,0,0,0,0,0,0,0,0,0,0,0,0,0,0,0,0,0,0,0,0,0,0,0,0,0,0,0,0,0,0,0,0,0,0,0,0,0,0,0,0,0,0,0,0,0,0,0,0,0,0,0,0,0,0,0,0,0,0,0,0,0,0,0,0,0,"Har Funnet 6 isopor kasser som har ligget i flere √•r, kanner og masse plast poser og mye annet plast. Mye tau biter og fiskenett. mye skru korker og en stor plast kasse.",False,False,False,False,False,False,False,False,False,False,False,False,,7.00682778961442,58.0155509297855,"Engangsservice (bestikk, kopper, tallerkener)",0,0,0,0,0
48,2023-01-20,2023-01-20,,,0,8,30,0,300,Kristiansand,Agder,107,0,0,0,0,0,0,0,0,0,0,0,0,0,0,0,0,0,0,0,0,0,0,0,0,0,0,0,0,0,0,0,0,0,0,0,0,0,0,0,0,0,0,0,0,0,0,0,0,0,0,0,0,0,0,0,0,0,0,0,0,0,0,0,0,0,0,0,0,0,0,0,0,0,0,0,0,0,0,0,0,0,0,0,0,0,0,,False,False,False,False,False,False,False,False,False,False,False,False,,8.04331698512162,58.1624245364873,"Engangsservice (bestikk, kopper, tallerkener)",0,0,0,0,0
49,2023-02-26,2023-02-26,1400.0,1700.0,0,2,3,0,30,Lyngdal,Agder,0,0,0,0,0,0,0,0,0,0,0,0,0,0,0,0,0,0,0,0,0,0,0,0,0,0,0,0,0,0,0,0,0,0,0,0,0,0,0,0,0,0,0,0,0,0,0,0,0,0,0,0,0,0,0,0,0,0,0,0,0,0,0,0,0,0,0,0,0,0,0,0,0,0,0,0,0,0,0,0,0,0,0,0,0,0,0,,False,False,False,False,False,False,False,False,False,False,False,False,,6.97592375156823,58.0294931641532,"Engangsservice (bestikk, kopper, tallerkener)",0,0,0,0,0
50,2023-01-28,2023-01-28,900.0,1000.0,0,2,2,0,20,Bergen,Vestland,0,0,0,0,0,0,0,0,0,0,0,0,0,0,0,0,0,0,0,0,0,0,0,0,0,0,0,0,0,0,0,0,0,0,0,1,0,1,0,0,0,1,0,0,1,0,1,0,0,0,0,0,0,0,0,0,0,0,0,0,0,0,0,0,0,0,0,0,0,0,0,0,0,0,0,0,0,0,0,0,0,0,0,0,0,0,0,,False,False,False,False,False,False,False,False,False,False,False,False,,5.23178553703804,60.2586859762258,Fiskegarn (inkl. not og tr√•l),0,0,5,0,0
51,2023-02-21,2023-02-21,,,0,1,1,0,10,Stavanger,Rogaland,2213,0,0,0,0,0,0,0,0,0,0,0,0,0,0,0,0,0,0,0,0,0,0,0,0,0,0,0,0,0,0,0,0,0,0,0,0,0,0,0,0,0,0,0,0,0,0,0,0,0,0,0,0,0,0,0,0,0,0,0,0,0,0,0,0,0,0,0,0,0,0,0,0,0,0,0,0,0,0,0,0,0,0,0,0,0,0,,False,False,False,False,False,False,False,False,False,False,False,False,,5.65722445380094,59.0562610267807,"Engangsservice (bestikk, kopper, tallerkener)",0,0,0,0,0
52,2023-02-10,2023-02-10,,,0,2,2,0,20,Stavanger,Rogaland,66,0,0,0,0,0,0,0,0,0,0,0,0,0,0,0,0,0,0,0,0,0,0,0,0,0,0,0,0,0,0,0,0,0,0,0,0,0,0,0,0,0,0,0,0,0,0,0,0,0,0,21,14,7,0,4,0,0,1,0,0,0,0,0,0,0,0,0,0,0,0,0,0,0,0,0,0,0,0,0,0,0,0,0,0,0,0,,False,False,False,False,False,False,False,False,False,False,False,False,,5.74370398501622,58.9532797470511,Isopor,0,0,0,47,0
53,2023-02-08,2023-02-08,,,0,1,6,0,60,Karm√∏y,Rogaland,76,0,0,0,0,0,0,0,0,0,0,0,0,0,0,0,0,0,0,0,0,0,0,0,0,0,0,0,0,0,0,0,0,0,0,0,0,0,0,0,0,0,0,0,0,0,0,0,0,0,0,0,0,0,0,0,0,0,0,0,0,0,0,0,0,0,0,0,0,0,0,0,0,0,0,0,0,0,0,0,0,0,0,0,0,0,0,,False,False,False,False,False,False,False,False,False,False,False,False,,5.18864244392984,59.2441399136946,"Engangsservice (bestikk, kopper, tallerkener)",0,0,0,0,0
54,2023-02-03,2023-02-03,1500.0,1600.0,0,2,1,5,15,Bergen,Vestland,34,0,0,0,0,0,0,0,0,0,0,0,0,0,0,0,0,0,0,0,0,0,0,0,0,0,0,0,0,0,0,0,0,0,0,0,0,0,0,0,0,1,0,0,2,0,2,0,0,0,0,0,0,0,0,0,0,0,0,0,0,0,0,0,0,0,0,0,0,0,0,0,0,0,0,0,0,0,0,0,0,0,0,0,0,0,0,,False,False,False,False,False,False,False,False,False,False,False,False,,5.21162609382003,60.2584512980608,Tau,0,0,5,0,0
55,2023-01-28,2023-01-28,1000.0,1600.0,0,16,112,0,1120,Lindesnes,Agder,4414,0,0,0,0,0,0,0,0,0,0,0,0,0,0,0,0,0,0,0,0,0,0,0,0,0,0,0,0,0,0,0,0,0,0,4,4,0,2,0,17,5,0,1,28,0,28,0,0,0,0,0,0,0,0,0,0,0,0,0,0,0,0,0,0,0,0,0,0,0,0,0,0,0,3,44,0,0,0,0,1,0,0,0,0,0,0,,False,False,False,False,False,False,False,False,False,False,False,False,,7.64300274930051,58.0157781932135,Dekk,96,0,89,0,0
56,2023-01-30,2023-01-30,,,0,13,2,1,21,H√•,Rogaland,112,0,0,0,0,0,0,0,0,0,0,0,0,0,0,0,0,0,0,0,0,0,0,0,0,0,0,0,0,0,0,0,0,0,0,0,0,0,0,0,0,0,0,0,0,0,0,0,0,0,0,0,0,0,0,0,0,0,0,0,0,0,0,0,0,0,0,0,0,0,0,0,0,0,0,0,0,0,0,0,0,0,0,0,0,0,0,,False,False,False,False,False,False,False,False,False,False,False,False,,5.60218295295485,58.6203953485986,"Engangsservice (bestikk, kopper, tallerkener)",0,0,0,0,0
57,2023-01-25,2023-01-25,,,180,5,5,2,52,Stavanger,Rogaland,1100090,1,2,1,1,1,1,11,2,5,0,0,0,0,6,0,0,0,2,0,0,0,0,0,3,1,1,0,0,0,0,2,0,1,0,0,0,0,0,3,0,4,2,1,9,0,0,0,0,4,0,0,0,0,0,1,3,0,0,0,0,0,15,0,0,0,0,0,0,0,0,0,1,4,0,0,0,0,0,0,0,0,0,0,0,0,0,,False,False,False,False,False,False,False,False,False,False,False,False,,5.67243566424717,59.0973185049177,Sprengkabler (skyteledning),0,41,19,23,5
58,2023-01-26,2023-01-26,,,180,6,6,1,61,Stavanger,Rogaland,12000,4,2,0,3,1,0,5,0,2,0,0,0,0,5,0,0,0,2,0,0,0,0,6,3,0,0,0,0,0,0,1,2,0,0,0,0,0,0,2,0,6,2,0,18,0,0,0,0,0,0,6,0,0,1,2,3,0,0,0,0,0,18,0,5,0,0,0,2,0,0,1,1,4,0,0,0,0,0,0,1,0,0,0,0,0,0,,False,False,False,False,False,False,False,False,False,False,False,False,,5.6995963059892,59.112851105064,Tau,2,36,28,35,8
59,2023-02-10,2023-02-10,,,0,7,14,0,140,Kristiansand,Agder,0,0,0,0,0,0,0,0,0,0,0,0,0,0,0,0,0,0,0,0,0,0,0,0,0,0,0,0,0,0,0,0,0,0,0,0,0,0,0,0,0,0,0,0,0,0,0,0,0,0,0,0,0,0,0,0,0,0,0,0,0,0,0,0,0,0,0,0,0,0,0,0,0,0,0,0,0,0,0,0,0,0,0,0,0,0,0,,False,False,False,False,False,False,False,False,False,False,False,False,,7.95088529168484,58.1551917654889,"Engangsservice (bestikk, kopper, tallerkener)",0,0,0,0,0
60,2023-02-13,2023-02-13,,,45,1,0,1,1,Asker,Viken,500,3,0,0,0,0,0,0,3,0,0,0,0,0,1,0,0,0,0,0,0,0,0,3,0,0,0,0,0,7,0,2,0,0,0,0,0,0,1,0,0,0,0,2,4,0,0,0,0,0,0,0,0,0,0,0,0,0,0,0,0,0,0,0,0,0,1,1,0,0,0,0,0,0,0,0,0,0,0,0,0,3,0,21,0,0,0,,False,False,False,False,False,False,False,False,False,False,False,False,,10.41414,59.61134,Uidentifiserte plastbiter,48,19,7,0,2
61,2023-01-20,2023-04-10,,,0,6,5,0,50,Gulen,Vestland,0,3,2,0,2,0,1,18,2,8,2,2,0,0,3,3,0,0,2,2,0,0,0,5,6,1,3,2,0,0,0,3,0,0,0,2,2,0,0,4,0,1,1,0,5,1,4,1,0,0,2,3,0,3,0,0,0,0,2,0,0,0,3,0,0,0,0,0,0,2,0,1,1,2,0,0,0,0,0,0,0,0,0,32,32,0,0,,False,False,False,True,False,True,True,False,True,False,True,False,,5.02586586396914,60.9753989055457,Uidentifiserte plastbiter,128,70,20,14,6
62,2023-02-10,2023-02-10,1000.0,1300.0,0,2,3,0,30,Lyngdal,Agder,0,0,0,0,0,0,0,0,0,0,0,0,0,0,0,0,0,0,0,0,0,0,0,0,0,0,0,0,0,0,0,0,0,0,0,0,0,0,0,0,0,0,0,0,0,0,0,0,0,0,0,0,0,0,0,0,0,0,0,0,0,0,0,0,0,0,0,0,0,0,0,0,0,0,0,0,0,0,0,0,0,0,0,0,0,0,0,,False,False,False,False,False,False,False,False,False,False,False,False,,7.02094271972656,58.0199878540966,"Engangsservice (bestikk, kopper, tallerkener)",0,0,0,0,0
63,2023-02-09,2023-02-09,1000.0,1300.0,0,2,3,0,30,Lyngdal,Agder,0,0,0,0,0,0,0,0,0,0,0,0,0,0,0,0,0,0,0,0,0,0,0,0,0,0,0,0,0,0,0,0,0,0,0,0,0,0,0,0,0,0,0,0,0,0,0,0,0,0,0,0,0,0,0,0,0,0,0,0,0,0,0,0,0,0,0,0,0,0,0,0,0,0,0,0,0,0,0,0,0,0,0,0,0,0,0,,False,False,False,False,False,False,False,False,False,False,False,False,,7.01170733712261,58.0274541092288,"Engangsservice (bestikk, kopper, tallerkener)",0,0,0,0,0
64,2023-02-15,2023-02-15,,,0,6,14,0,140,Kristiansand,Agder,1197,0,0,0,0,0,0,0,0,0,0,0,0,0,0,0,0,0,0,0,0,0,0,0,0,0,0,0,0,0,0,0,0,0,0,0,0,0,0,0,0,0,0,0,0,0,0,0,0,0,0,0,0,0,0,0,0,0,0,0,0,0,0,0,0,0,0,0,0,0,0,0,0,0,0,0,0,0,0,0,0,0,0,0,0,0,0,,False,False,False,False,False,False,False,False,False,False,False,False,,8.0594717790985,58.1094065075943,"Engangsservice (bestikk, kopper, tallerkener)",0,0,0,0,0
65,2023-02-11,2023-02-11,1000.0,1700.0,0,23,412,0,4120,Lindesnes,Agder,133,0,0,0,0,0,0,0,0,0,0,0,0,0,0,0,0,0,0,0,0,0,0,0,0,0,0,0,0,0,0,0,0,0,0,0,0,0,0,0,0,0,0,0,0,0,0,0,0,0,0,0,0,0,0,0,0,0,0,0,0,0,0,0,0,0,0,0,0,0,0,0,0,0,2,124,0,0,0,0,2,0,0,13,3,10,0,,False,False,False,False,False,False,False,False,False,False,False,False,,7.47670246369881,58.0211348945168,Dekk,308,0,0,0,0
66,2023-03-03,2023-03-03,1300.0,1700.0,0,2,4,0,40,Lyngdal,Agder,0,0,0,0,0,0,0,0,0,0,0,0,0,0,0,0,0,0,0,0,0,0,0,0,0,0,0,0,0,0,0,0,0,0,0,0,0,0,0,0,0,0,0,0,0,0,0,0,0,0,0,0,0,0,0,0,0,0,0,0,0,0,0,0,0,0,0,0,0,0,0,0,0,0,0,0,0,0,0,0,0,0,0,0,0,0,0,"Sm√• og store taubiter, veldig mye sm√• plast og store plast poser, mye plast flasker og kosmetiske embalasje, mange gev√¶r hylser, plast korker, strips, lightere,embalase band, store og sm√• isopor biter. ",False,False,False,False,False,False,False,False,False,False,False,False,,7.00664877712419,58.0155027726743,"Engangsservice (bestikk, kopper, tallerkener)",0,0,0,0,0
67,2023-03-05,2023-03-05,,,0,56,4,0,40,Kristiansand,Agder,7461,0,0,0,0,0,0,0,0,0,0,0,0,0,0,0,0,0,0,0,0,0,0,0,0,0,0,0,0,0,0,0,0,0,0,0,0,0,0,0,3,0,0,0,6,4,2,1,0,2,0,14,6,8,1,0,0,0,0,0,0,1,0,0,0,0,0,6,0,0,0,0,0,2,0,0,0,0,1,0,0,0,0,9,5,4,0,,False,False,False,False,False,False,False,False,False,False,False,False,,7.97874332352421,58.1146083423877,Isopor,38,0,15,33,8
68,2023-01-22,2023-01-29,,,0,7,25,0,250,Oslo,Oslo,177,0,0,0,0,0,0,0,0,0,0,0,0,0,0,0,0,0,0,0,0,0,0,0,0,0,0,0,0,0,0,0,0,0,0,0,0,0,0,0,0,0,0,0,0,0,0,0,0,0,0,0,0,0,0,0,0,0,0,0,0,0,0,0,0,0,0,0,0,0,0,0,0,0,0,0,0,0,0,0,0,0,0,0,0,0,0,,False,False,False,False,False,False,False,False,False,False,False,False,,10.7610229546256,59.8747279098464,"Engangsservice (bestikk, kopper, tallerkener)",0,0,0,0,0
69,2023-01-08,2023-01-08,,,0,4,1,0,10,√Ölesund,M√∏re og Romsdal,23,0,0,0,1,2,0,0,0,0,0,0,0,0,1,0,0,1,0,0,0,0,1,5,0,0,0,0,0,0,0,0,0,0,0,0,0,0,0,0,0,0,0,0,1,1,0,1,30,0,0,3,3,0,1,0,0,0,0,0,0,0,15,0,0,0,0,0,0,0,0,0,0,0,0,0,0,0,0,0,0,0,0,200,200,0,0,,False,True,False,False,False,False,False,False,False,True,False,True,,6.47141137451336,62.5023044599406,Uidentifiserte plastbiter,800,11,2,53,0
70,2023-02-23,2023-02-23,,,30,1,0,1,1,Asker,Viken,250,0,0,1,0,0,0,0,0,0,0,0,0,0,0,0,0,0,0,0,0,0,0,2,0,0,0,0,0,2,0,0,0,0,0,0,0,0,0,0,0,0,0,0,1,0,0,0,0,1,0,28,0,0,0,0,0,0,0,0,0,2,9,0,0,0,0,1,0,0,0,2,0,0,0,0,0,1,0,0,0,0,0,9,0,0,0,,False,False,False,False,False,False,False,False,False,False,False,False,,10.41414,59.61134,Isopor,20,5,1,40,3
71,2023-02-21,2023-02-21,,,0,2,3,4,34,Karm√∏y,Rogaland,76,0,0,0,0,0,0,0,0,0,0,0,0,0,0,0,0,0,0,0,0,0,0,0,0,0,0,0,0,0,0,0,0,0,0,0,0,0,0,0,0,0,0,0,0,0,0,0,0,0,0,0,0,0,0,0,0,0,0,0,0,0,0,0,0,0,0,0,0,0,0,0,0,0,0,0,0,0,0,0,0,0,0,0,0,0,0,,False,False,False,False,False,False,False,False,False,False,False,False,,5.34968711272139,59.2721619091372,"Engangsservice (bestikk, kopper, tallerkener)",0,0,0,0,0
72,2023-02-15,2023-02-15,,,0,2,2,0,14,Karm√∏y,Rogaland,125,0,0,0,0,0,0,0,0,0,0,0,0,0,0,0,0,0,0,0,0,0,0,0,0,0,0,0,0,0,0,0,0,0,0,0,0,0,0,0,0,0,0,0,0,0,0,0,0,0,0,0,0,0,0,0,0,0,0,0,0,0,0,0,0,0,0,0,0,0,0,0,0,0,0,0,0,0,0,0,0,0,0,0,0,0,0,,False,False,False,False,False,False,False,False,False,False,False,False,,5.36515996520334,59.2520754017806,"Engangsservice (bestikk, kopper, tallerkener)",0,0,0,0,0
73,2023-02-11,2023-02-11,1010.0,1230.0,0,3,2,3,23,Bod√∏,Nordland,130,0,0,0,0,0,0,0,0,0,0,0,0,0,0,0,0,0,0,0,0,0,0,0,0,0,0,0,0,0,0,0,0,0,0,0,0,0,766,0,0,0,0,0,0,0,0,0,0,0,0,0,0,0,0,0,0,0,0,0,0,0,0,0,0,0,0,0,0,0,0,0,0,0,0,0,0,0,0,0,0,0,0,0,0,0,0,,False,False,False,False,False,False,False,False,False,False,False,False,,14.6234528227124,67.2283077839064,"Fiskekroker (sluk, dupp osv.)",0,0,766,0,0
74,2023-02-22,2023-02-22,,,0,12,10,0,20,V√•gan,Nordland,0,0,0,0,0,0,0,0,0,0,0,0,0,0,0,0,0,0,0,0,0,0,0,0,0,0,0,0,0,0,0,0,0,0,0,0,0,0,0,0,0,0,0,0,0,0,0,0,0,0,0,0,0,0,0,0,0,0,0,0,0,0,0,0,0,0,0,0,0,0,0,0,0,0,0,0,0,0,0,0,0,0,0,0,0,0,0,,False,False,False,False,False,False,False,False,False,False,False,False,,14.5605828613294,68.2299681268953,"Engangsservice (bestikk, kopper, tallerkener)",0,0,0,0,0
75,2023-02-20,2023-03-01,,,0,3,14,0,140,√òygarden,Vestland,2462,0,3,2,0,0,0,2,0,4,5,2,0,3,6,0,0,6,0,0,0,0,0,11,2,2,0,0,0,0,0,0,0,5,0,5,5,0,0,1,1,0,1,0,8,5,3,0,0,0,0,4,4,0,0,0,0,0,0,0,0,0,0,0,0,0,0,3,0,0,0,0,0,4,0,0,0,0,0,0,0,11,0,13,13,0,0,,False,False,False,False,False,False,False,False,False,False,False,False,,4.95330589159518,60.3340522564826,Uidentifiserte plastbiter,74,53,29,8,7
76,2023-02-12,2023-02-12,1100.0,1400.0,0,24,150,0,1500,Frogn,Viken,27,0,0,0,0,0,0,0,0,0,0,0,0,0,0,0,0,0,0,0,0,0,0,0,0,0,0,0,0,0,0,0,0,0,0,0,0,0,0,0,0,0,0,0,0,0,0,2,0,0,2,0,0,0,0,0,0,0,0,0,0,0,0,0,0,0,0,0,0,0,0,0,0,0,2,14,0,0,0,0,2,0,0,0,0,0,0,,False,False,False,False,False,True,False,False,False,False,False,False,,10.6263769762733,59.6624613648497,Dekk,36,0,0,4,0
77,2023-02-21,2023-02-21,,,0,2,6,0,150,Bokn,Rogaland,1909,0,0,0,0,0,0,0,0,0,0,0,0,0,0,0,0,0,0,0,0,0,0,0,0,0,0,0,0,0,0,0,0,0,3,1,1,0,0,1,0,2,0,0,3,0,3,0,0,0,0,0,0,0,0,0,0,2,0,0,0,0,0,0,0,0,0,0,0,0,0,0,0,0,0,0,1,0,0,0,0,0,0,0,0,0,0,Deler av gangbane til merd ca 30 kg,False,False,False,False,False,False,False,False,False,False,False,False,,5.47113879518246,59.1949533906714,Agnemballasje og bokser,2,0,14,2,0
78,2023-02-12,2023-02-12,,,0,4,2,0,20,Ask√∏y,Vestland,66,0,0,0,0,0,0,0,0,0,0,0,0,0,0,0,0,0,0,0,0,0,0,0,0,0,0,0,0,0,0,0,0,0,0,0,0,0,0,0,2,0,0,0,1,1,0,0,0,0,0,0,0,0,0,0,0,0,0,0,0,0,0,0,0,0,0,0,0,0,0,0,0,0,0,0,0,0,0,0,0,0,0,0,0,0,0,,False,False,False,False,False,False,False,False,False,False,False,False,,5.11737799795876,60.4154467748267,Teiner og ruser,0,0,4,0,0
79,2023-02-21,2023-02-21,,,60,1,0,1,1,Asker,Viken,450,0,0,0,0,0,0,0,0,0,0,0,0,0,0,0,0,0,0,0,0,0,0,4,0,0,0,0,0,22,0,0,0,0,0,0,0,0,0,0,0,0,0,0,4,0,0,0,0,3,0,48,0,0,0,0,0,0,0,0,0,0,10,0,0,0,0,0,0,3,2,0,0,0,0,0,0,0,0,0,0,0,1,40,0,0,0,"Impregnert plank tilsammen ca 150 cm

1 stk √∏ks 

",False,False,False,False,False,False,False,False,False,False,False,False,,10.41414,59.61134,Isopor,82,26,4,61,5
80,2023-02-18,2023-02-18,,,30,1,0,1,1,Asker,Viken,250,1,0,0,0,0,0,0,0,0,0,0,0,0,0,0,0,0,0,0,0,0,0,3,0,0,0,0,0,2,0,1,0,1,0,0,0,0,0,0,0,0,0,0,0,0,0,0,0,1,1,27,0,0,0,1,0,0,0,0,0,0,2,0,0,0,0,0,0,0,0,0,0,0,0,0,0,0,0,0,0,0,0,41,0,0,0,"Br√∏ytestikke i plast. 1 stk

",False,False,False,False,False,False,False,False,False,False,False,False,,10.4308698768312,59.6121247197226,Uidentifiserte plastbiter,82,8,0,32,0
81,2023-02-26,2023-02-26,,,0,14,35,0,350,Oslo,Oslo,415,0,0,0,2,0,0,6,5,3,3,3,0,0,10,10,0,0,21,21,0,0,3,0,6,4,1,0,2,27,13,4,2,3,0,9,3,6,0,3,0,1,2,0,5,3,2,0,0,0,1,0,0,0,1,0,0,0,0,0,0,0,0,0,0,0,0,0,0,0,0,0,0,0,2,3,0,0,0,0,0,0,0,0,0,0,1,,False,False,False,False,False,False,False,False,False,False,False,False,"Chairs, washing clothes line, umbrella.",10.7056032380239,59.9099340142966,Sigarettsneiper,12,149,34,2,0
82,2023-03-01,2023-03-01,,,75,3,10,0,100,And√∏y,Nordland,500,0,0,0,0,0,0,0,0,0,0,0,0,0,0,0,0,0,0,0,0,0,0,0,0,0,0,0,0,0,0,0,0,0,0,0,0,0,0,0,0,0,0,0,0,0,0,0,0,0,0,0,0,0,0,0,0,0,0,0,0,0,0,0,0,0,0,0,0,0,0,0,0,0,0,0,0,0,0,0,0,0,0,0,0,0,0,,False,False,False,False,False,False,False,False,False,False,False,False,,16.1145076401556,69.3193623225461,"Engangsservice (bestikk, kopper, tallerkener)",0,0,0,0,0
83,2023-02-24,2023-02-24,1200.0,1500.0,0,1,4,0,40,Lyngdal,Agder,153,0,0,0,0,0,0,0,0,0,0,0,0,0,0,0,0,0,0,0,0,0,0,0,0,0,0,0,0,0,0,0,0,0,0,0,0,0,0,0,0,0,0,0,0,0,0,0,0,0,0,0,0,0,0,0,0,0,0,0,0,0,0,0,0,0,0,0,0,0,0,0,0,0,0,0,0,0,0,0,0,0,0,0,0,0,0,"Mye store svarte s√∏ppel sekker mat og gotteri embalasje. plast kanner og flasker patron hylser,",False,False,False,False,False,False,False,False,False,False,False,False,,7.01596540069496,58.028182415412,"Engangsservice (bestikk, kopper, tallerkener)",0,0,0,0,0
84,2023-02-19,2023-02-19,,,0,16,15,0,150,Oslo,Oslo,410,6,7,1,2,0,0,9,6,16,2,2,0,0,13,13,0,0,21,21,0,0,7,13,17,2,1,0,0,600,400,30,20,7,0,0,0,0,0,3,0,0,0,0,4,0,4,0,0,0,0,400,400,0,0,0,2,0,0,0,2,1,0,0,0,1,0,3,1,0,6,0,3,7,0,0,0,0,0,0,0,0,0,0,0,0,0,,False,False,False,False,False,False,False,False,True,True,False,False,Plastic plants from the restaurants around Tjuvholmen and Aker Brygge ,10.7233302620913,59.9100490324998,Sigarettsneiper,0,1216,11,805,21
85,2023-02-18,2023-02-18,1100.0,1300.0,0,1,1,0,10,Lyngdal,Agder,45,0,0,0,0,0,0,0,0,0,0,0,0,0,0,0,0,0,0,0,0,0,0,0,0,0,0,0,0,0,0,0,0,0,0,0,0,0,0,0,0,0,0,0,0,0,0,0,0,0,0,0,0,0,0,0,0,0,0,0,0,0,0,0,0,0,0,0,0,0,0,0,0,0,0,0,0,0,0,0,0,0,0,0,0,0,0,,False,False,False,False,False,False,False,False,False,False,False,False,,6.98259722834559,58.0180370878267,"Engangsservice (bestikk, kopper, tallerkener)",0,0,0,0,0
86,2023-03-05,2023-03-05,,,0,25,10,0,100,Oslo,Oslo,0,0,0,0,0,0,0,0,0,0,0,0,0,0,0,0,0,0,0,0,0,0,0,0,0,0,0,0,0,0,0,0,0,0,0,0,0,0,0,0,0,0,0,0,0,0,0,0,0,0,0,0,0,0,0,0,0,0,0,0,0,0,0,0,0,0,0,0,0,0,0,0,0,0,0,0,0,0,0,0,0,0,0,0,0,0,0,,False,False,False,False,False,False,False,False,False,False,False,False,,10.6744010743606,59.9186706931755,"Engangsservice (bestikk, kopper, tallerkener)",0,0,0,0,0
87,2023-03-05,2023-03-05,900.0,1300.0,0,16,35,0,350,Oslo,Oslo,139,11,4,0,2,3,3,4,3,0,3,3,0,0,14,14,0,0,28,28,0,0,5,20,8,4,3,0,0,300,100,14,22,3,0,1,1,0,0,1,1,0,0,0,2,2,0,1,0,0,2,2,2,0,0,0,1,0,0,0,0,0,0,0,0,4,0,11,0,0,5,0,3,4,0,0,0,1,0,0,3,0,0,6,6,0,0,"Umbrella 
Electric scooter 
Scooter
Bicycles
Bysykkel
Paddle 
Barrel 
A lot of other shit! ",False,False,False,True,False,True,False,True,False,True,True,False,,10.7562004929374,59.9088440389718,Sigarettsneiper,32,599,8,8,27
88,2023-03-02,2023-03-02,,,0,4,2,1,21,Hammerfest,Troms og Finnmark,0,0,0,0,0,0,0,0,0,0,0,0,0,0,0,0,0,0,0,0,0,0,0,0,0,0,0,0,0,0,0,0,0,0,0,0,0,0,0,0,0,0,0,0,0,0,0,0,0,0,0,0,0,0,0,0,0,0,0,0,0,0,0,0,0,0,0,0,0,0,0,0,0,0,0,0,0,0,0,0,0,0,0,0,0,0,0,,False,False,False,False,False,False,False,False,False,False,False,False,,23.6641188698359,70.6716975076638,"Engangsservice (bestikk, kopper, tallerkener)",0,0,0,0,0
89,2023-02-22,2023-02-22,,,0,10,30,0,500,Svalbard,Svalbard,970,0,0,0,0,0,0,0,0,0,0,0,0,0,0,0,0,0,0,0,0,0,0,0,0,0,0,0,0,0,0,0,0,0,0,0,0,0,0,0,0,0,0,0,0,0,0,0,0,0,0,0,0,0,0,0,0,0,0,0,0,0,0,0,0,0,0,0,0,0,0,0,0,0,0,0,0,0,0,0,0,0,0,0,0,0,0,,False,False,False,False,False,False,False,False,False,False,False,False,,16.4404765455048,77.8525553927706,"Engangsservice (bestikk, kopper, tallerkener)",0,0,0,0,0
90,2023-03-12,2023-03-12,,,45,1,0,1,1,Asker,Viken,100,0,0,0,0,0,0,0,0,0,0,0,0,0,0,0,0,0,0,0,0,0,0,0,0,0,0,0,0,0,0,0,0,0,0,0,0,0,0,0,0,0,0,0,0,0,0,0,0,0,0,0,0,0,0,0,0,0,0,0,0,0,0,0,0,0,0,0,0,0,0,0,0,0,0,0,0,0,0,0,0,0,0,0,0,0,0,,False,False,False,False,False,False,False,False,False,False,False,False,,10.41414,59.61134,"Engangsservice (bestikk, kopper, tallerkener)",0,0,0,0,0
91,2023-02-20,2023-02-20,,,0,2,3,3,33,Karm√∏y,Rogaland,239,0,0,0,0,0,0,0,0,0,0,0,0,0,0,0,0,0,0,0,0,0,0,0,0,0,0,0,0,0,0,0,0,0,0,0,0,0,0,0,0,0,0,0,0,0,0,0,0,0,0,0,0,0,0,0,0,0,0,0,0,0,0,0,0,0,0,0,0,0,0,0,0,0,0,0,0,0,0,0,0,0,0,0,0,0,0,,False,False,False,False,False,False,False,False,False,False,False,False,,5.3253146573639,59.242388839965,"Engangsservice (bestikk, kopper, tallerkener)",0,0,0,0,0
92,2023-02-27,2023-02-27,,,0,2,8,0,80,Asker,Viken,0,3,0,0,1,2,0,11,2,13,1,1,0,0,5,5,0,0,7,7,0,0,3,0,4,0,2,0,0,0,0,0,0,0,1,0,0,0,27,0,0,0,0,47,3,3,0,0,0,0,0,0,0,0,0,0,2,0,0,0,0,0,0,0,0,0,0,0,0,0,0,0,0,0,0,0,0,0,0,0,0,0,0,6,4,2,0,"Vindusrute
",False,False,False,False,False,False,False,False,False,False,False,False,,10.4902975202685,59.8080414877024,Fiskesn√∏re,24,67,81,2,0
93,2023-02-21,2023-02-21,,,0,3,1,0,10,Hammerfest,Troms og Finnmark,26,0,0,0,0,0,0,0,0,0,0,0,0,0,0,0,0,0,0,0,0,0,0,0,0,0,0,0,0,0,0,0,0,0,0,0,0,0,0,0,0,0,0,0,0,0,0,0,0,0,0,0,0,0,0,0,0,0,0,0,0,0,0,0,0,0,0,0,0,0,0,0,0,0,0,0,0,0,0,0,0,0,0,0,0,0,0,,False,False,False,False,False,False,False,False,False,False,False,False,,23.6640978091041,70.6717018486382,"Engangsservice (bestikk, kopper, tallerkener)",0,0,0,0,0
94,2023-03-07,2023-03-07,,,15,1,1,0,10,Asker,Viken,50,0,0,0,0,0,0,0,0,0,0,0,0,0,0,0,0,0,0,0,0,0,0,0,0,0,0,0,0,0,0,0,0,0,0,0,0,0,0,0,0,0,0,0,0,0,0,0,0,0,0,1,0,0,0,0,0,1,0,0,0,0,0,0,0,0,0,0,0,0,0,0,0,0,0,0,0,0,0,0,0,0,0,0,0,0,0,,False,False,False,False,False,False,False,False,False,False,False,False,,10.4130170956772,59.6128989901558,Isopor,0,0,0,2,0
95,2023-03-07,2023-03-07,,,0,3,5,0,50,Bremanger,Vestland,16,0,0,0,0,0,0,0,0,0,0,0,0,0,0,0,0,0,0,0,0,0,0,0,0,0,0,0,0,0,0,0,0,0,0,2,0,2,0,0,0,0,0,0,0,0,0,0,0,0,0,0,0,0,0,0,0,0,0,0,0,0,0,0,0,0,0,0,0,0,0,0,0,0,0,0,0,0,0,0,0,0,0,0,0,0,0,,False,False,False,False,False,False,False,False,False,False,False,False,,4.82443757273575,61.750885061595,Fiskegarn (inkl. not og tr√•l),0,0,4,0,0
96,2023-03-06,2023-03-06,,,0,1,10,0,100,V√•gan,Nordland,61,0,0,0,0,0,0,0,0,0,0,0,0,0,0,0,0,0,0,0,0,0,0,0,0,0,0,0,0,0,0,0,0,6,0,0,0,0,0,0,0,0,0,0,0,0,0,0,0,0,0,0,0,0,0,0,0,0,0,0,0,0,0,0,0,0,0,0,0,0,0,0,0,0,0,0,0,0,0,0,0,0,0,0,0,0,0,,False,False,False,False,False,False,False,False,False,False,False,False,,14.5072136940519,68.2159253424657,Lightere,0,6,0,0,0
97,2023-01-11,2023-01-11,,,0,6,22,0,220,Kristiansand,Agder,94,0,0,0,0,0,0,0,0,0,0,0,0,0,0,0,0,0,0,0,0,0,0,0,0,0,0,0,0,0,0,0,0,0,0,0,0,0,0,0,0,0,0,0,0,0,0,0,0,0,0,0,0,0,0,0,0,0,0,0,0,0,0,0,0,0,0,0,0,0,0,0,0,0,0,0,0,0,0,0,0,0,0,0,0,0,0,,False,False,False,False,False,False,False,False,False,False,False,False,,8.04402750133313,58.1584111256264,"Engangsservice (bestikk, kopper, tallerkener)",0,0,0,0,0
98,2023-02-15,2023-02-15,,,0,6,118,0,1180,Karm√∏y,Rogaland,289,0,0,0,0,0,0,0,0,0,0,0,0,0,0,0,0,0,0,0,0,0,0,0,0,0,0,0,0,0,0,0,0,0,0,0,0,0,0,0,0,0,0,0,0,0,0,0,0,0,0,0,0,0,0,0,0,0,0,0,0,0,0,0,0,0,0,0,0,0,0,0,0,0,0,24,0,0,0,0,0,0,0,0,0,0,0,,False,False,False,False,False,True,False,False,False,False,False,False,,5.19013079986154,59.2812428200339,Dekk,48,0,0,0,0
99,2023-01-13,2023-01-13,,,0,4,6,0,60,Kristiansand,Agder,36,0,0,0,0,0,0,0,0,0,0,0,0,0,0,0,0,0,0,0,0,0,0,0,0,0,0,0,0,0,0,0,0,0,0,0,0,0,0,0,0,0,0,0,0,0,0,0,0,0,0,0,0,0,0,0,0,0,0,0,0,0,0,0,0,0,0,0,0,0,0,0,0,0,0,0,0,0,0,0,0,0,0,0,0,0,0,,False,False,False,False,False,False,False,False,False,False,False,False,,7.83325030290817,58.0660557618446,"Engangsservice (bestikk, kopper, tallerkener)",0,0,0,0,0
100,2023-02-01,2023-02-01,,,0,10,19,0,190,Kristiansand,Agder,352,0,0,0,0,0,0,0,0,0,0,0,0,0,0,0,0,0,0,0,0,0,0,0,0,0,0,0,0,0,0,0,0,0,0,0,0,0,0,0,0,0,0,0,0,0,0,0,0,0,0,0,0,0,0,0,0,0,0,0,0,0,0,0,0,0,0,0,0,0,0,0,0,0,0,0,0,0,0,0,0,0,0,0,0,0,0,,False,False,False,False,False,False,False,False,False,False,False,False,,8.01367741010874,58.0776989304733,"Engangsservice (bestikk, kopper, tallerkener)",0,0,0,0,0
101,2023-03-01,2023-03-01,,,0,15,40,0,400,Stavanger,Rogaland,2867,0,0,0,0,0,0,0,0,0,0,0,0,0,0,0,0,0,0,0,0,0,0,0,0,0,0,0,0,0,0,0,0,0,0,0,0,0,0,0,0,0,0,0,0,0,0,0,0,0,0,0,0,0,0,0,0,0,0,0,0,0,0,0,0,0,0,0,0,0,0,0,0,0,0,0,0,0,0,0,0,0,0,0,0,0,0,,False,False,False,False,False,False,False,False,False,False,False,False,,5.80334877861208,59.1127413422825,"Engangsservice (bestikk, kopper, tallerkener)",0,0,0,0,0
102,2023-02-03,2023-02-03,,,0,9,13,0,130,Kristiansand,Agder,468,0,0,0,0,0,0,0,0,0,0,0,0,0,0,0,0,0,0,0,0,0,0,0,0,0,0,0,0,0,0,0,0,0,0,0,0,0,0,0,0,0,0,0,0,0,0,0,0,0,0,0,0,0,0,0,0,0,0,0,0,0,0,0,0,0,0,0,0,0,0,0,0,0,0,0,0,0,0,0,0,0,0,0,0,0,0,,False,False,False,False,False,False,False,False,False,False,False,False,,8.01353444129841,58.0776888773722,"Engangsservice (bestikk, kopper, tallerkener)",0,0,0,0,0
103,2023-02-20,2023-02-20,,,0,1,2,0,20,Karm√∏y,Rogaland,918,0,0,0,0,0,0,0,0,0,0,0,0,0,0,0,0,0,0,0,0,0,0,0,0,0,0,0,0,0,0,0,0,0,0,0,0,0,0,0,0,0,0,0,0,0,0,0,0,0,0,0,0,0,0,0,0,0,0,0,0,0,0,0,0,0,0,0,0,0,0,0,0,0,0,0,0,0,0,0,0,0,0,0,0,0,0,,False,False,False,False,False,False,False,False,False,False,False,False,,5.18429951597147,59.2334825999852,"Engangsservice (bestikk, kopper, tallerkener)",0,0,0,0,0
104,2023-03-03,2023-03-03,,,60,2,2,0,20,F√¶rder,Vestfold og Telemark,500,0,7,0,0,0,0,3,4,0,0,0,0,0,2,0,0,0,0,0,0,0,0,6,0,1,2,0,0,0,0,0,0,0,0,10,0,0,0,0,0,0,1,2,3,0,0,0,0,0,0,0,0,0,0,0,0,0,0,0,0,0,0,0,0,0,0,0,0,0,0,0,0,0,0,0,0,0,0,0,0,0,0,0,0,0,0,,False,False,False,False,False,False,False,False,False,False,False,False,,10.3913388873223,59.0802089551446,Fiskegarn (inkl. not og tr√•l),0,25,16,0,0
105,2023-02-09,2023-02-09,1200.0,1300.0,0,1,0,2,2,Tjeldsund,Troms og Finnmark,532,0,0,0,0,1,0,1,0,0,0,0,0,0,0,0,0,0,0,0,0,0,0,0,2,0,0,0,0,0,0,0,0,0,0,0,0,0,0,0,0,0,0,0,2,0,2,0,0,0,0,7,5,2,0,2,0,0,0,0,0,0,0,0,0,0,0,0,0,0,0,0,0,0,0,0,0,0,0,0,0,0,0,0,0,0,0,,False,True,False,False,False,False,False,False,False,True,False,False,,16.7891720957812,68.6799229090376,Isopor,0,4,4,16,0
106,2023-03-14,2023-03-14,1100.0,,0,1,2,0,20,Stavanger,Rogaland,707,0,0,0,0,0,0,0,0,0,0,0,0,0,0,0,0,0,0,0,0,0,0,0,0,0,0,0,0,0,0,0,0,0,0,0,0,0,0,0,0,0,0,0,0,0,0,0,0,0,0,0,0,0,0,0,0,0,0,0,0,0,0,0,0,0,0,0,0,0,0,0,0,0,0,0,0,0,0,0,0,0,0,0,0,0,0,,False,False,False,False,False,False,False,False,False,False,False,False,,5.59089634802678,59.1182243575581,"Engangsservice (bestikk, kopper, tallerkener)",0,0,0,0,0
107,2023-02-23,2023-02-23,,,0,1,3,3,33,Karm√∏y,Rogaland,272,0,0,0,0,0,0,0,0,0,0,0,0,0,0,0,0,0,0,0,0,0,0,0,0,0,0,0,0,0,0,0,0,0,0,0,0,0,0,0,0,0,0,0,0,0,0,0,0,0,0,0,0,0,0,0,0,0,0,0,0,0,0,0,0,0,0,0,0,0,0,0,0,0,0,0,0,0,0,0,0,0,0,0,0,0,0,,False,False,False,False,False,False,False,False,False,False,False,False,,5.32045125691865,59.3078660034545,"Engangsservice (bestikk, kopper, tallerkener)",0,0,0,0,0
108,2023-03-07,2023-03-07,,,0,3,7,0,70,Stavanger,Rogaland,1734,1,2,0,1,0,7,1,0,33,0,0,0,0,3,0,1,2,3,3,0,0,0,21,2,0,0,0,0,0,1,1,4,3,1,0,0,0,0,4,0,4,0,0,50,45,5,3,140,3,0,40,27,13,4,10,4,0,2,0,0,7,30,0,0,0,0,0,6,16,1,1,0,0,0,0,0,0,0,0,0,0,2,406,400,6,0,"Parkeringsbot
Teltplugg
Gummihanske
Tannpirkere (plast)
Meisebolleplast
Skjema for lakselus
Tannkost
B√∏tter 
Balje",False,False,False,False,False,False,False,False,False,False,False,False,,5.78168108554112,59.0218355158108,Uidentifiserte plastbiter,1628,89,109,283,24
109,2023-02-13,2023-02-13,,,0,15,2,0,20,H√•,Rogaland,405,0,0,0,0,0,0,0,0,0,0,0,0,0,0,0,0,0,0,0,0,0,0,0,0,0,0,0,0,0,0,0,0,0,0,0,0,0,0,0,0,0,0,0,0,0,0,0,0,0,0,0,0,0,0,0,0,0,0,0,0,0,0,0,0,0,0,0,0,0,0,0,0,0,0,0,0,0,0,0,0,0,0,0,0,0,0,,False,False,False,False,False,False,False,False,False,False,False,False,,5.65517720251801,58.561658621944,"Engangsservice (bestikk, kopper, tallerkener)",0,0,0,0,0
110,2023-03-12,2023-03-12,,,0,15,10,0,100,Oslo,Oslo,131,6,2,0,2,1,0,7,5,12,0,0,0,0,15,15,0,0,27,27,0,0,6,11,13,4,2,0,0,200,50,12,5,2,0,0,0,0,0,0,0,1,1,0,2,1,1,2,0,0,3,1,1,0,0,8,5,0,0,0,0,0,0,0,0,1,0,2,0,0,3,0,5,2,0,0,0,0,0,0,4,0,0,14,14,0,1,"Apple watch, rubbish from Oslo Badstuforening - plastic packaging of wood and sauna materials, shovels and brushes, wood ash inside bags left outside beside water, plastic ropes for securing packages. Also plastic plants from the Sukkerbiten bars and more shit that should not be there‚Ä¶",False,False,False,False,False,False,False,True,False,True,True,False,,10.7523931317873,59.9048769154957,Sigarettsneiper,66,424,6,20,13
111,2023-02-02,2023-02-02,,,0,7,5,0,50,Frogn,Viken,296,5,0,0,4,2,0,6,0,0,0,0,0,0,7,0,0,7,30,0,0,30,11,3,0,0,0,0,0,0,0,0,0,0,0,0,0,0,2,1,1,0,0,0,7,4,3,6,0,0,0,0,0,0,2,4,0,0,2,0,0,0,7,0,0,0,0,0,0,0,0,0,0,2,0,3,0,0,0,0,2,0,0,20,13,7,0,,False,False,False,True,False,True,False,False,False,True,False,False,,10.5580600832772,59.6987681670176,Metallbokser (drikke),90,105,18,21,2
112,2023-02-24,2023-02-24,,,0,1,1,0,10,Bod√∏,Nordland,238,0,0,0,0,0,0,0,0,0,0,0,0,0,0,0,0,0,0,0,0,0,0,0,0,0,0,0,0,0,0,0,0,0,0,0,0,0,0,0,0,0,0,0,0,0,0,0,0,0,0,0,0,0,0,0,0,0,0,0,0,0,0,0,0,0,0,0,0,0,0,0,0,0,0,0,0,0,0,0,0,0,0,0,0,0,0,,False,False,False,False,False,False,False,False,False,False,False,False,,14.4029580011876,67.2941166827563,"Engangsservice (bestikk, kopper, tallerkener)",0,0,0,0,0
113,2023-03-15,2023-03-15,,,0,2,7,0,70,Stavanger,Rogaland,1366,0,0,0,0,0,0,0,0,0,0,0,0,0,0,0,0,0,0,0,0,0,0,0,0,0,0,0,0,0,0,0,0,0,0,0,0,0,0,0,0,0,0,0,0,0,0,0,0,0,0,0,0,0,0,0,0,0,0,0,0,0,0,0,0,0,0,0,0,0,0,0,0,0,0,0,0,0,0,0,0,0,0,0,0,0,0,,False,False,False,False,False,False,False,False,False,False,False,False,,5.65344502351007,59.0340372414364,"Engangsservice (bestikk, kopper, tallerkener)",0,0,0,0,0
114,2023-02-27,2023-02-27,,,0,15,80,0,800,Her√∏y,M√∏re og Romsdal,804,4,6,3,8,2,23,33,7,29,28,0,0,28,15,0,0,15,10,8,1,1,0,46,26,0,17,0,0,0,0,9,1,1,0,22,15,7,0,0,0,5,8,0,653,557,96,13,0,0,0,66,26,40,13,54,5,0,1,15,2,1,10,1,0,0,0,0,10,6,0,0,0,2,0,0,0,0,0,1,0,3,0,715,686,29,0,"Eit dosete, ein stor geotekstil, eit sykkelhjul, 9 bitar med gaffateip, ei knivslire, 4 gravlykter, 8 blomsterpotter, eit oljefilter, ein EPIRB redningssignalgreie, eit n√∏dbluss, tre b√•tdelar av ulik storleik, mm. ",False,False,False,False,True,True,False,False,True,True,False,False,,5.67980607490828,62.3606707231899,Uidentifiserte plastbiter,2868,321,1363,247,18
115,2023-03-10,2023-03-12,,,0,1,6,0,60,Karm√∏y,Rogaland,0,0,0,0,0,0,0,0,0,0,0,0,0,0,0,0,0,0,0,0,0,0,0,0,0,0,0,0,0,0,0,0,0,0,0,0,0,0,0,0,0,0,0,0,1,1,0,0,0,0,0,0,0,0,0,0,0,0,0,0,0,0,0,0,0,0,0,0,0,0,0,0,0,0,0,0,0,0,0,0,0,0,0,0,0,0,0,,False,False,False,False,False,False,False,False,False,False,False,False,,5.19512667724609,59.1686010131062,Tau,0,0,2,0,0
116,2023-02-07,2023-02-07,,,0,2,6,0,60,Stavanger,Rogaland,720,0,0,0,0,0,0,0,0,0,0,0,0,0,0,0,0,0,0,0,0,0,0,0,0,0,0,0,0,0,0,0,0,0,0,0,0,0,0,0,0,0,0,0,0,0,0,0,0,0,0,0,0,0,0,0,0,0,0,0,0,0,0,0,0,0,0,0,0,0,0,0,0,0,0,0,0,0,0,0,0,0,0,0,0,0,0,,False,False,False,False,False,False,False,False,False,False,False,False,,5.66928447434926,59.068420290494,"Engangsservice (bestikk, kopper, tallerkener)",0,0,0,0,0
117,2023-02-07,2023-02-07,,,0,2,6,0,60,Stavanger,Rogaland,720,0,1,0,0,2,0,4,4,0,19,0,0,19,29,1,0,28,6,6,0,0,4,17,0,7,4,0,0,0,0,0,1,2,1,9,0,9,1,4,0,6,0,0,16,8,8,1,2,0,0,56,0,56,1,0,2,0,1,0,0,3,0,0,0,0,0,0,0,3,0,0,0,0,0,0,0,0,0,1,0,3,0,148,147,1,0,"Sitteunderlag av isopor, en knust DVD, tusj, Shell Water Detector, 7 metallbiter, 7 tekstilbiter ",False,False,False,False,False,False,False,False,False,False,False,False,,5.66928447434926,59.068420290494,Uidentifiserte plastbiter,600,154,62,122,3
118,2023-02-28,2023-02-28,,,0,2,1,0,10,Strand,Rogaland,365,2,0,0,0,0,2,0,0,20,0,0,0,0,0,0,0,0,0,0,0,0,0,0,0,0,0,0,0,0,0,1,0,0,0,0,0,0,0,0,0,1,0,1,6,6,0,3,0,1,16,9,4,5,0,0,0,0,0,0,0,0,2,0,0,0,0,0,2,0,0,0,0,0,0,0,0,0,0,0,0,0,2,82,82,0,0,"Hundepose
Spiseskje (st√•l)
Deler av fyrverkeri",False,False,False,True,False,False,False,False,False,False,False,False,,5.99624617540427,59.0206828199101,Uidentifiserte plastbiter,332,25,14,40,2
119,2023-02-21,2023-02-21,,,60,1,0,1,1,Asker,Viken,500,0,0,0,0,0,0,1,0,0,0,0,0,0,0,0,0,0,0,0,0,0,0,7,0,0,0,0,0,22,0,0,0,0,0,0,0,0,0,0,0,0,0,0,6,0,0,1,0,2,0,52,0,0,0,1,0,0,0,0,0,0,10,0,0,0,0,0,0,0,0,0,0,0,0,0,0,0,0,0,0,0,1,34,0,0,0,,False,False,False,False,False,False,False,False,False,False,False,False,,10.41414,59.61134,Isopor,70,30,6,66,0
120,2023-02-10,2023-03-15,,,0,3,50,0,500,√òygarden,Vestland,29,0,3,0,0,0,0,0,0,0,2,2,0,0,5,2,3,0,0,0,0,0,0,0,0,0,0,0,0,0,0,2,0,0,0,0,0,0,0,0,0,0,0,0,17,13,4,0,0,0,0,4,4,0,1,0,0,0,0,0,0,0,0,0,0,0,0,0,0,0,0,0,0,0,0,0,1,1,0,0,0,5,0,14,11,3,0,,False,False,False,False,False,False,False,False,False,False,False,False,,4.94702481645007,60.3377685773359,Tau,70,19,34,9,0
121,2023-01-01,2023-12-31,,,0,4,144,0,1440,Aure,M√∏re og Romsdal,5945,0,0,0,5,2,0,0,0,6,53,20,18,15,107,38,34,35,0,0,0,0,4,0,2,4,6,0,0,0,0,13,0,2,0,5,3,2,0,23,2,18,15,0,61,29,32,6,0,0,0,83,28,55,8,25,0,0,0,0,0,0,1,7,0,0,0,0,0,0,0,1,0,0,0,2,0,4,2,0,0,8,4,0,0,0,2,"Fryseboks
Offshore b√∏ye
Lokk 1000liters tank
Del av plastb√•t
Del av oppdrettsanlegg",False,False,False,False,False,False,False,False,False,False,False,False,,8.06517461960592,63.2271240604464,Plastflasker (drikke),44,364,190,213,1
122,2023-02-21,2023-02-21,1000.0,1500.0,0,3,15,0,150,Osen,Tr√∏ndelag,0,0,0,0,0,0,0,0,0,0,0,0,0,0,0,0,0,0,0,0,0,0,0,0,0,0,0,0,0,0,0,0,0,0,0,0,0,0,0,0,0,0,0,0,0,0,0,0,0,0,0,0,0,0,0,0,0,0,0,0,0,0,0,0,0,0,0,0,0,0,0,0,0,0,0,0,0,0,0,0,0,0,0,0,0,0,0,,False,False,False,False,False,False,False,False,False,False,False,False,,10.583462302148,64.3952828166987,"Engangsservice (bestikk, kopper, tallerkener)",0,0,0,0,0
123,2023-03-17,2023-03-17,,,0,1,14,0,140,Haugesund,Rogaland,9,0,0,0,0,0,0,0,0,0,0,0,0,0,0,0,0,0,0,0,0,0,0,0,0,0,0,0,0,0,0,0,0,0,0,0,0,0,0,0,0,0,0,0,0,0,0,0,0,0,0,0,0,0,0,0,0,0,0,0,0,0,0,0,0,0,0,0,0,0,0,0,0,0,0,0,0,0,0,0,0,0,0,0,0,0,0,,False,False,False,False,False,False,False,False,False,False,False,False,,5.25262473153429,59.4134329600222,"Engangsservice (bestikk, kopper, tallerkener)",0,0,0,0,0
124,2023-02-01,2023-03-15,,,0,3,70,0,700,√òygarden,Vestland,177,2,3,3,0,2,0,2,0,2,7,3,1,3,9,3,4,2,3,0,1,2,0,3,2,2,0,0,0,0,0,2,0,4,0,7,4,3,0,1,0,1,0,0,13,9,4,0,0,0,0,11,9,2,1,0,0,0,0,0,0,0,0,0,0,0,0,1,0,0,0,0,0,3,0,0,0,0,0,0,0,4,0,15,11,4,0,,False,False,False,False,False,False,False,False,False,False,False,False,,4.93684486426274,60.3380449941263,Uidentifiserte plastbiter,68,65,42,23,4
125,2023-02-19,2023-02-19,,,0,14,20,0,200,Oslo,Oslo,288,0,0,0,0,0,0,0,0,0,0,0,0,0,0,0,0,0,0,0,0,0,0,0,0,0,0,0,0,0,0,0,0,0,0,0,0,0,0,0,0,0,0,0,0,0,0,0,0,0,0,0,0,0,0,0,0,0,0,0,0,0,0,0,0,0,0,0,0,0,0,0,0,0,0,0,0,0,0,0,0,0,0,0,0,0,0,,False,False,False,False,False,False,False,False,False,False,False,False,,10.7575605369484,59.8748180830126,"Engangsservice (bestikk, kopper, tallerkener)",0,0,0,0,0
126,2023-02-19,2023-02-19,1000.0,1300.0,0,4,8,0,80,Ask√∏y,Vestland,117,0,0,0,0,0,0,0,0,0,0,0,0,0,0,0,0,0,0,0,0,0,8,0,0,0,0,0,0,0,0,0,0,0,0,1,0,1,0,0,4,0,0,0,0,0,0,0,0,0,0,0,0,0,6,0,0,0,0,0,0,0,0,0,0,0,0,0,0,0,0,0,0,0,0,4,0,0,0,0,0,0,0,0,0,0,0,,False,False,False,False,False,False,False,False,False,False,False,False,,5.03371855421342,60.4571516805329,Glassflasker,8,8,6,6,0
127,2023-02-18,2023-02-18,,,0,2,0,4,4,Tjeldsund,Troms og Finnmark,580,0,0,0,0,1,0,1,0,2,0,0,0,0,0,0,0,0,2,2,0,0,0,0,0,0,0,0,0,0,0,0,0,0,0,0,0,0,0,0,0,0,0,0,1,1,0,0,0,0,0,18,15,3,0,0,0,0,0,0,0,0,0,0,0,0,0,0,0,0,0,0,0,0,0,0,0,0,0,0,0,0,0,0,0,0,0,,False,False,False,False,False,False,False,False,False,False,False,False,,16.7864101416972,68.679649651459,Isopor,0,8,2,36,0
128,2023-02-26,2023-02-26,1000.0,1300.0,0,5,6,0,60,Ask√∏y,Vestland,35,0,0,0,0,0,0,0,0,0,0,0,0,0,6,2,2,2,0,0,0,0,0,0,0,0,0,0,0,0,0,0,0,0,0,0,0,0,0,0,4,0,0,0,0,0,0,0,0,0,0,0,0,0,0,0,0,0,0,0,0,0,0,0,0,0,0,0,0,0,0,0,0,0,0,2,0,0,0,0,0,0,0,0,0,0,0,,False,False,False,False,False,False,False,False,False,False,False,False,,5.0682577636876,60.4616806293214,Plastflasker (drikke),4,12,4,0,0
129,2023-03-07,2023-03-07,,,0,1,4,0,40,Karm√∏y,Rogaland,223,0,0,0,0,0,0,0,0,0,0,0,0,0,0,0,0,0,0,0,0,0,0,0,0,0,0,0,0,0,0,0,0,0,0,0,0,0,0,0,0,0,0,0,0,0,0,0,0,0,0,0,0,0,0,0,0,0,0,0,0,0,0,0,0,0,0,0,0,0,0,0,0,0,0,0,0,0,0,0,0,0,0,0,0,0,0,,False,False,False,False,False,False,False,False,False,False,False,False,,5.37144753319918,59.2782401248525,"Engangsservice (bestikk, kopper, tallerkener)",0,0,0,0,0
130,2023-02-26,2023-02-26,,,0,1,2,0,20,Kristiansand,Agder,233,3,2,3,0,1,1,4,1,2,0,0,0,0,10,1,4,5,0,0,0,0,6,20,10,2,0,0,0,2,0,2,0,3,0,0,0,0,0,0,0,1,0,0,42,40,2,0,0,0,2,60,40,20,0,2,10,0,0,0,0,10,15,0,0,0,1,2,0,15,0,0,0,0,0,0,0,1,0,0,0,3,8,70,50,20,0,,False,False,False,False,False,False,False,False,False,False,False,False,,8.11486610181674,58.0892062258797,Uidentifiserte plastbiter,304,82,85,159,18
131,2023-02-23,2023-02-23,,,0,1,16,0,160,Karm√∏y,Rogaland,465,0,0,0,0,0,0,0,0,0,0,0,0,0,0,0,0,0,0,0,0,0,0,0,0,0,0,0,0,0,0,0,0,0,0,0,0,0,0,0,0,0,5,0,0,0,0,0,0,0,0,0,0,0,0,0,0,0,0,0,0,0,0,0,0,0,0,0,0,0,0,0,0,0,0,0,0,0,0,0,0,0,0,0,0,0,0,,False,False,False,False,False,False,False,False,False,False,False,False,,5.20063956503149,59.1559176300831,Fiskekasser og isoporkasser,0,0,5,0,0
132,2023-03-13,2023-03-13,,,0,1,10,0,100,Bremanger,Vestland,336,0,0,0,0,0,0,0,0,0,0,0,0,0,0,0,0,0,0,0,0,0,0,0,0,0,0,0,0,0,0,0,0,0,0,0,0,0,0,0,0,0,0,0,0,0,0,0,0,0,0,0,0,0,0,0,0,0,0,0,0,0,0,0,0,0,0,0,0,0,0,0,0,0,0,0,0,0,0,0,0,0,0,0,0,0,0,,False,False,False,False,False,False,False,False,False,False,False,False,,5.09508124289146,61.7617535748604,"Engangsservice (bestikk, kopper, tallerkener)",0,0,0,0,0
133,2023-03-13,2023-03-13,,,0,1,8,0,80,Bremanger,Vestland,81,0,0,0,0,0,0,0,0,0,0,0,0,0,0,0,0,0,0,0,0,0,0,0,0,0,0,0,0,0,0,0,0,0,0,0,0,0,0,0,0,0,0,0,0,0,0,0,0,0,0,0,0,0,0,0,0,0,0,0,0,0,0,0,0,0,0,0,0,0,0,0,0,0,0,0,0,0,0,0,0,0,0,0,0,0,0,,False,False,False,False,False,False,False,False,False,False,False,False,,4.97016540676947,61.7222046562051,"Engangsservice (bestikk, kopper, tallerkener)",0,0,0,0,0
134,2023-03-13,2023-03-13,,,0,2,30,0,300,Kinn,Vestland,52,0,0,0,0,0,0,0,0,0,0,0,0,0,0,0,0,0,0,0,0,0,0,0,0,0,0,0,0,0,0,0,0,0,0,0,0,0,0,0,0,0,0,0,0,0,0,0,0,0,0,0,0,0,0,0,0,0,0,0,0,0,0,0,0,0,0,0,0,0,0,0,0,0,0,0,0,0,0,0,0,0,0,0,0,0,0,,False,False,False,False,False,False,False,False,False,False,False,False,,4.95900396268864,61.6232037383539,"Engangsservice (bestikk, kopper, tallerkener)",0,0,0,0,0
135,2023-03-13,2023-03-13,,,0,1,150,0,1500,Kinn,Vestland,46,0,0,0,0,0,0,0,0,0,0,0,0,0,0,0,0,0,0,0,0,0,0,0,0,0,0,0,0,0,0,0,0,0,0,0,0,0,0,0,0,0,0,0,0,0,0,0,0,0,0,0,0,0,0,0,0,0,0,0,0,0,0,0,0,0,0,0,0,0,0,0,0,0,0,0,0,0,0,0,0,0,0,0,0,0,0,Fritidsb√•t under 15m,False,False,False,False,False,False,False,False,False,False,False,False,,5.05701172020217,61.5911394402525,"Engangsservice (bestikk, kopper, tallerkener)",0,0,0,0,0
136,2023-03-07,2023-03-07,,,0,3,5,0,50,Kinn,Vestland,210,0,0,0,0,0,0,0,0,0,0,0,0,0,0,0,0,0,0,0,0,0,0,0,0,0,0,0,0,0,0,0,0,0,0,0,0,0,0,0,0,0,0,0,0,0,0,0,0,0,0,0,0,0,0,0,0,0,0,0,0,0,0,0,0,0,0,0,0,0,0,0,0,0,0,0,0,0,0,0,0,0,0,0,0,0,0,1 bigbag diverse fiskeredskap og tau ,False,False,False,False,False,True,False,False,True,False,False,False,,5.42821035823269,61.5964361283051,"Engangsservice (bestikk, kopper, tallerkener)",0,0,0,0,0
137,2023-02-25,2023-02-25,,,0,2,13,0,130,Karm√∏y,Rogaland,405,0,0,0,0,0,0,0,0,0,0,0,0,0,0,0,0,0,0,0,0,0,0,0,0,0,0,0,0,0,0,0,0,0,0,0,0,0,0,0,0,0,0,0,0,0,0,0,0,0,0,0,0,0,0,0,0,0,0,0,0,0,0,0,0,0,0,0,0,0,0,0,0,0,0,0,0,0,0,0,0,0,0,0,0,0,0,,False,False,False,False,False,False,False,False,False,False,False,False,,5.35310310407594,59.2698937765261,"Engangsservice (bestikk, kopper, tallerkener)",0,0,0,0,0
138,2023-02-27,2023-02-27,,,0,2,16,0,160,Karm√∏y,Rogaland,2114,0,0,0,0,0,0,0,0,0,0,0,0,0,0,0,0,0,0,0,0,0,0,0,0,0,0,0,0,0,0,0,0,0,0,0,0,0,0,0,0,0,0,0,0,0,0,0,0,0,0,0,0,0,0,0,0,0,0,0,0,0,0,0,0,0,0,0,0,0,0,0,0,0,0,0,0,0,0,0,0,0,0,0,0,0,0,,False,False,False,False,False,False,False,False,False,False,False,False,,5.31588595346164,59.307111806786,"Engangsservice (bestikk, kopper, tallerkener)",0,0,0,0,0
139,2023-01-14,2023-01-15,,,0,8,25,0,250,√òygarden,Vestland,1583,0,0,0,0,0,0,0,0,0,0,0,0,0,0,0,0,0,0,0,0,0,0,0,0,0,0,0,0,0,0,0,0,0,0,0,0,0,0,0,0,0,0,0,0,0,0,0,0,0,0,0,0,0,0,0,0,0,0,0,0,0,0,0,0,0,0,0,0,0,0,0,0,0,0,0,0,0,0,0,0,0,0,0,0,0,0,,False,False,False,False,False,False,False,False,False,False,False,False,,4.95374128547837,60.4560017488687,"Engangsservice (bestikk, kopper, tallerkener)",0,0,0,0,0
140,2023-02-06,2023-02-06,,,0,2,5,0,50,Klepp,Rogaland,394,0,0,0,0,0,0,0,0,0,0,0,0,0,0,0,0,0,0,0,0,0,0,0,0,0,0,0,0,0,0,0,0,0,0,0,0,0,0,0,0,0,0,0,0,0,0,0,0,0,0,0,0,0,0,0,0,0,0,0,0,0,0,0,0,0,0,0,0,0,0,0,0,0,0,0,0,0,0,0,0,0,0,0,0,0,0,,False,False,False,False,False,False,False,False,False,False,False,False,,5.54590972013885,58.8128893954702,"Engangsservice (bestikk, kopper, tallerkener)",0,0,0,0,0
141,2022-11-16,2023-03-08,,,0,12,120,0,1200,Frogn,Viken,108,20,0,0,10,7,10,30,0,20,8,0,0,8,10,0,0,10,100,0,0,100,50,20,40,3,0,0,0,0,0,6,0,2,0,0,0,0,15,5,5,0,0,5,30,17,13,16,7,0,0,0,0,0,5,0,0,0,12,0,0,0,16,0,0,0,0,0,0,0,0,0,0,5,1,20,0,0,0,0,8,0,0,65,52,13,0,,False,False,False,True,False,True,False,True,False,False,False,True,"Vi har ryddet i de mest traffikerte buktene. Begge steder er det s√∏ppel fra b√•tfolk og noe gammelt fra virksomhet p√• √∏ya (eks sprengkabler og r√∏rstumper. I Orrekloa er det dumpet s√∏ppel innerst i bukte under to b√∏yer. Her er det kastet plastposer og matemballasje. Det ligger lagvis med plast p√• bunnen. Vi fikk ikke fjernet alt da sikta forsvinner n√•r vi r√∏rer p√• bunnen.  I tillegg kommer det mye drivs√∏ppel, i form av plast som ligger lagvis innerst i bukta. √Ölegress innerst i bukta fungerer som filter..",10.586828916844,59.674107138131,Metallbokser (drikke),318,454,90,56,5
142,2023-02-28,2023-02-28,,,0,2,1,0,10,Strand,Rogaland,235,1,0,0,4,0,0,4,1,8,0,0,0,0,0,0,0,0,0,0,0,0,1,5,4,1,0,0,0,1,2,0,0,0,0,0,0,0,0,0,0,1,0,0,17,13,4,0,0,0,0,24,10,14,0,2,0,0,0,0,0,0,8,0,0,0,0,0,0,0,0,0,0,0,0,0,0,0,0,0,0,1,2,52,46,6,0,"Overtrekksko
Opptenningspose
Hundepose
Glassk√•r
Deler av akebrett
Str√∏mledning",False,False,False,False,False,False,False,False,False,False,False,False,,5.91912822403727,59.092367297703,Uidentifiserte plastbiter,214,32,35,58,0
143,2023-02-21,2023-02-21,,,0,2,6,0,60,Stavanger,Rogaland,976,0,1,0,4,0,4,5,5,35,6,1,0,5,3,0,0,3,1,1,0,0,0,28,0,0,0,0,0,0,3,2,1,1,0,2,0,2,1,3,0,3,0,0,98,67,31,8,0,2,0,49,24,25,0,10,1,0,0,0,0,2,40,0,0,0,0,0,1,6,0,2,0,0,0,0,0,0,0,0,0,1,8,506,500,6,0,"Vernebriller
Blekkpatron
Knuste glass/kopper/tallerkener
B√•tlist
Meisebolleplast
Plastkjetting
Gjerdestolpe (plast)
B√∏tter",False,False,False,False,False,False,False,False,False,False,False,False,,5.79798158234047,59.1132561444674,Uidentifiserte plastbiter,2042,109,207,161,9
144,2023-03-06,2023-03-06,,,0,4,0,1,1,Kinn,Vestland,0,0,0,0,0,0,0,0,0,0,0,0,0,0,0,0,0,0,0,0,0,0,0,0,0,0,0,0,0,0,0,0,0,0,0,0,0,0,0,0,0,0,0,0,1,1,0,0,0,0,0,0,0,0,0,0,0,0,0,0,0,0,0,0,0,0,0,0,0,0,0,0,0,0,0,0,0,0,0,0,0,0,0,0,0,0,0,,False,False,False,False,False,False,False,False,False,False,False,False,,5.10148946306547,61.4969437916791,Tau,0,0,2,0,0
145,2023-02-05,2023-02-05,1315.0,1500.0,0,2,0,6,6,Bod√∏,Nordland,364,0,0,0,0,0,0,0,0,0,0,0,0,0,0,0,0,0,0,0,0,0,0,0,0,0,0,0,0,0,0,0,0,0,0,0,0,0,200,0,0,0,0,0,0,0,0,0,0,0,0,0,0,0,0,0,0,0,0,0,0,0,0,0,0,0,0,0,0,0,0,0,0,0,0,0,0,0,0,0,0,0,0,0,0,0,0,,False,False,False,False,False,False,False,False,False,False,False,False,,14.5988945143527,67.2375591380266,"Fiskekroker (sluk, dupp osv.)",0,0,200,0,0
146,2023-02-12,2023-02-12,1050.0,1300.0,0,3,3,0,30,Bod√∏,Nordland,407,0,0,0,0,0,0,0,0,0,0,0,0,0,0,0,0,0,0,0,0,0,0,0,0,0,0,0,0,0,0,0,0,0,0,0,0,0,1000,0,0,0,0,0,0,0,0,0,0,0,0,0,0,0,0,0,0,0,0,0,0,0,0,0,0,0,0,0,0,0,0,0,0,0,0,0,0,0,0,0,0,0,0,0,0,0,0,,False,False,False,False,False,False,False,False,False,False,False,False,,14.6163519268708,67.2254453419152,"Fiskekroker (sluk, dupp osv.)",0,0,1000,0,0
147,2023-02-11,2023-02-11,1100.0,1700.0,0,2,10,0,100,Lyngdal,Agder,0,0,0,0,0,0,0,0,0,0,0,0,0,0,0,0,0,0,0,0,0,0,0,0,0,0,0,0,0,0,0,0,0,0,0,0,0,0,0,0,0,0,0,0,0,0,0,0,0,0,0,0,0,0,0,0,0,0,0,0,0,0,0,0,0,0,0,0,0,0,0,0,0,0,0,0,0,0,0,0,0,0,0,0,0,0,0,,False,False,False,False,False,False,False,False,False,False,False,False,,7.00771620945362,58.015523747449,"Engangsservice (bestikk, kopper, tallerkener)",0,0,0,0,0
148,2023-02-26,2023-02-26,1115.0,1330.0,0,3,2,8,28,Bod√∏,Nordland,426,0,0,0,0,0,0,0,0,0,0,0,0,0,0,0,0,0,0,0,0,0,0,0,0,0,0,0,0,0,0,0,0,0,0,0,0,0,933,0,0,0,0,0,0,0,0,0,0,0,0,0,0,0,0,0,0,0,0,0,0,0,0,0,0,0,0,0,0,0,0,0,0,0,0,0,0,0,0,0,0,0,0,0,0,0,0,,False,False,False,False,False,False,False,False,False,False,False,False,,14.6165557747559,67.2254776587147,"Fiskekroker (sluk, dupp osv.)",0,0,933,0,0
149,2023-03-09,2023-03-09,,,0,4,15,0,150,Frogn,Viken,1,9,0,0,5,3,2,12,0,0,2,0,0,2,7,0,0,7,40,0,0,40,34,5,2,0,2,0,0,0,0,0,0,0,0,0,0,0,0,0,0,0,0,0,0,0,0,3,2,0,0,0,0,0,0,0,0,0,0,1,0,0,7,0,0,0,0,0,0,0,0,0,0,0,0,1,0,0,0,0,2,0,0,23,14,9,0,"Solbriller, plastb√∏tter, svamp og klut.",False,False,False,True,False,True,False,True,False,False,False,False,"Vi var denne gangen mest under flytebryggene, s√• det meste var droppet fra b√•tene",10.5586299893075,59.6982323334275,Metallbokser (drikke),98,172,0,13,0
150,2023-03-11,2023-03-11,1000.0,1500.0,0,39,122,0,1220,Arendal,Agder,427,0,0,0,1,0,0,0,0,0,0,0,0,0,6,0,0,6,0,0,0,0,0,0,2,0,0,0,0,0,0,0,0,0,0,0,0,0,2,0,1,0,0,0,4,0,4,0,0,0,0,0,0,0,0,0,0,0,0,0,0,0,0,0,0,0,0,0,0,0,0,0,0,0,0,81,0,0,0,0,1,0,0,5,5,0,2,7 stk dregger,False,False,False,False,False,False,False,False,False,False,False,False,,8.80037929599276,58.436837770244,Dekk,188,15,11,0,0
151,2023-02-28,2023-03-11,,,0,1,12,0,120,Kinn,Vestland,14,0,0,0,0,0,0,0,0,0,0,0,0,0,0,0,0,0,0,0,0,0,0,0,0,0,0,0,0,0,0,0,0,0,0,0,0,0,0,0,0,1,0,0,0,0,0,0,0,0,0,0,0,0,0,0,0,0,0,0,0,0,0,0,0,0,0,0,0,0,0,0,0,0,0,0,0,0,0,0,0,0,0,0,0,0,0,,False,False,False,False,False,False,False,False,False,False,False,False,,5.10830610315679,61.6272501968451,"B√∏yer, flott√∏rer og garnringer",0,0,1,0,0
152,2023-01-01,2023-01-27,,,0,4,25,0,250,Molde,M√∏re og Romsdal,21615,0,0,0,0,0,0,0,0,0,0,0,0,0,0,0,0,0,0,0,0,0,0,0,0,0,0,0,0,0,0,0,0,0,0,0,0,0,0,0,0,0,0,0,0,0,0,0,0,0,0,0,0,0,0,0,0,0,0,0,0,0,0,0,0,0,0,0,0,0,0,0,0,0,0,0,0,0,0,0,0,0,0,0,0,0,0,,False,False,False,False,False,False,False,False,False,False,False,False,,6.66357238635288,62.7107930752303,"Engangsservice (bestikk, kopper, tallerkener)",0,0,0,0,0
153,2023-01-01,2023-01-14,,,0,1,14,0,140,Aver√∏y,M√∏re og Romsdal,3478,0,0,0,0,0,0,0,0,0,0,0,0,0,0,0,0,0,0,0,0,0,0,0,0,0,0,0,0,0,0,0,0,0,0,0,0,0,0,0,0,0,0,0,0,0,0,0,0,0,0,0,0,0,0,0,0,0,0,0,0,0,0,0,0,0,0,0,0,0,0,0,0,0,0,0,0,0,0,0,0,0,0,0,0,0,0,,False,False,False,False,False,False,False,False,False,False,False,False,,7.66383347211851,63.0934563703791,"Engangsservice (bestikk, kopper, tallerkener)",0,0,0,0,0
154,2023-02-05,2023-02-05,,,0,25,176,0,1760,Stavanger,Rogaland,664,0,0,0,0,0,0,0,0,0,0,0,0,0,0,0,0,0,0,0,0,0,0,0,0,0,0,0,0,0,0,0,0,0,0,0,0,0,0,0,0,0,0,0,0,0,0,0,0,0,0,0,0,0,0,0,0,0,0,0,0,0,0,0,0,0,0,0,0,0,0,0,0,0,0,0,0,0,0,0,0,0,0,0,0,0,0,,False,False,False,False,False,False,False,False,False,False,False,False,,5.73153164533847,58.9916278378839,"Engangsservice (bestikk, kopper, tallerkener)",0,0,0,0,0
155,2023-02-14,2023-02-14,,,0,2,6,0,60,Suldal,Rogaland,1330,0,4,1,2,0,3,7,3,17,2,1,0,1,2,2,0,0,0,0,0,0,0,20,0,0,0,0,0,0,0,2,1,0,1,0,0,0,4,1,2,0,0,0,131,115,16,2,2,6,0,25,13,12,0,0,9,0,0,0,0,5,13,0,0,0,0,1,0,3,0,0,0,0,0,0,1,0,0,0,0,3,0,239,232,7,0,"2 b√∏tter
2 malerkoster
Glassbiter
Gummilist
St√•ltr√•d
Aluminiumsfolie
Strikk
Deler av feiekost
Klubbe",False,False,False,False,False,False,True,False,False,False,False,False,,5.96271823275046,59.3304616967034,Uidentifiserte plastbiter,964,68,270,87,4
156,2023-02-17,2023-02-17,,,0,7,6,0,60,Kristiansand,Agder,0,0,0,0,0,0,0,0,0,0,0,0,0,0,0,0,0,0,0,0,0,0,0,0,0,0,0,0,0,0,0,0,0,0,0,0,0,0,0,0,0,0,0,0,0,0,0,0,0,0,0,0,0,0,0,0,0,0,0,0,0,0,0,0,0,0,0,0,0,0,0,0,0,0,0,0,0,0,0,0,0,0,0,0,0,0,0,,False,False,False,False,False,False,False,False,False,False,False,False,,7.8771564779982,58.1523656609042,"Engangsservice (bestikk, kopper, tallerkener)",0,0,0,0,0
157,2023-02-15,2023-02-15,,,0,16,1,0,10,Bergen,Vestland,378,0,0,0,0,0,0,0,0,0,0,0,0,0,0,0,0,0,0,0,0,0,0,0,0,0,0,0,0,0,0,0,0,0,0,0,0,0,0,0,0,0,0,0,0,0,0,0,0,0,0,0,0,0,0,0,0,0,0,0,0,0,0,0,0,0,0,0,0,0,0,0,0,0,0,0,0,0,0,0,0,0,0,0,0,0,0,,False,False,False,False,False,False,False,False,False,False,False,False,,5.28029923269397,60.43505734685,"Engangsservice (bestikk, kopper, tallerkener)",0,0,0,0,0
158,2023-01-18,2023-01-18,,,0,15,1,0,10,Bergen,Vestland,382,0,0,0,0,0,0,0,0,0,0,0,0,0,0,0,0,0,0,0,0,0,0,0,0,0,0,0,0,0,0,0,0,0,0,0,0,0,0,0,0,0,0,0,0,0,0,0,0,0,0,0,0,0,0,0,0,0,0,0,0,0,0,0,0,0,0,0,0,0,0,0,0,0,0,0,0,0,0,0,0,0,0,0,0,0,0,,False,False,False,False,False,False,False,False,False,False,False,False,,5.28029792235875,60.4351546560911,"Engangsservice (bestikk, kopper, tallerkener)",0,0,0,0,0
159,2023-02-08,2023-02-08,,,0,12,1,0,10,Bergen,Vestland,391,0,0,0,0,0,0,0,0,0,0,0,0,0,0,0,0,0,0,0,0,0,0,0,0,0,0,0,0,0,0,0,0,0,0,0,0,0,0,0,0,0,0,0,0,0,0,0,0,0,0,0,0,0,0,0,0,0,0,0,0,0,0,0,0,0,0,0,0,0,0,0,0,0,0,0,0,0,0,0,0,0,0,0,0,0,0,,False,False,False,False,False,False,False,False,False,False,False,False,,5.28030034151402,60.4351051679784,"Engangsservice (bestikk, kopper, tallerkener)",0,0,0,0,0
160,2022-11-05,2023-03-30,,,0,2,11,0,110,Alver,Vestland,0,4,7,0,3,1,2,29,4,18,4,4,0,0,17,17,0,0,16,10,6,0,5,12,8,0,9,0,0,9,10,7,4,4,1,0,0,0,4,2,0,2,2,12,72,52,20,3,0,7,0,60,45,15,0,7,2,0,2,0,0,0,18,0,0,0,0,3,0,23,0,2,0,2,0,0,0,2,3,0,0,9,0,44,37,7,0,,False,False,False,False,False,False,False,False,False,False,False,False,,4.99200586588695,60.6402770330571,Tau,204,210,167,159,30
161,2023-01-01,2023-01-02,,,0,1,50,0,500,√Ölesund,M√∏re og Romsdal,899,0,0,0,0,0,0,0,0,0,0,0,0,0,0,0,0,0,0,0,0,0,0,0,0,0,0,0,0,0,0,0,0,0,0,0,0,0,0,0,0,0,0,0,0,0,0,0,0,0,0,0,0,0,0,0,0,0,0,0,0,0,0,0,0,0,0,0,0,0,0,0,0,0,0,0,0,0,0,0,0,0,0,0,0,0,0,,False,False,False,False,False,False,False,False,False,False,False,False,,6.22729905100623,62.4688946087557,"Engangsservice (bestikk, kopper, tallerkener)",0,0,0,0,0
162,2023-01-11,2023-01-11,,,0,16,1,0,10,Bergen,Vestland,402,0,0,0,0,0,0,0,0,0,0,0,0,0,0,0,0,0,0,0,0,0,0,0,0,0,0,0,0,0,0,0,0,0,0,0,0,0,0,0,0,0,0,0,0,0,0,0,0,0,0,0,0,0,0,0,0,0,0,0,0,0,0,0,0,0,0,0,0,0,0,0,0,0,0,0,0,0,0,0,0,0,0,0,0,0,0,,False,False,False,False,False,False,False,False,False,False,False,False,,5.28036591754181,60.4351275321412,"Engangsservice (bestikk, kopper, tallerkener)",0,0,0,0,0
163,2021-03-21,2023-03-21,,,0,2,5,0,50,Oslo,Oslo,0,0,0,0,3,1,1,21,3,10,0,0,0,0,10,10,0,0,5,5,0,0,2,5,3,1,2,3,0,3,1,1,9,1,0,0,0,0,0,0,0,0,0,0,0,0,0,0,0,0,0,0,0,0,0,0,0,0,0,0,0,0,0,0,0,0,0,0,0,0,0,2,17,0,0,0,0,0,0,0,0,0,0,0,0,0,0,,False,False,False,False,False,False,False,False,False,False,False,False,,10.7993689822533,59.9331461717312,Matemballasje,0,100,0,0,19
164,2021-02-14,2023-02-14,,,0,1,20,0,200,Oslo,Oslo,0,18,19,2,2,0,0,14,11,10,0,0,0,0,0,0,0,0,5,5,0,0,6,4,8,0,2,0,0,23,0,15,0,0,0,0,0,0,0,0,0,0,0,0,0,0,0,0,0,0,0,0,0,0,0,0,0,0,0,0,0,0,0,0,0,0,0,0,0,0,0,0,0,0,0,0,0,0,0,0,0,0,0,0,0,0,0,,False,False,False,False,False,False,False,False,False,False,False,False,,10.7568830704099,59.9180894787672,Sigarettsneiper,0,144,0,0,0
